numerus_internationalis_ad_identitatem	numerus_identificationis_ad_medicinam	praenomen	cognomen	sexus	aetas_annorum	urbs_natalis	natio
CCLXXV	039e0ab7-e36d-4bc7-a0b1-3e93e8ec73e9	Keithus	Alleeius	male	23.0	vienna	austria
MMDLX	070dfb40-76c9-4894-90e5-7463d060d49b	Alyssa	Kohlius	f	31.0	Vienna	austria
MMCCCXXIII	fa06ed07-6f09-4ec2-9f11-a70917307270	Emily	Belangerius	female	29.0	OSTRAVA	france
MMMMMMMDCCVIII	59f94605-e953-4117-b9ee-09ba1392e895	Stefanie	Fiedlerius	female	25.0	rome	italy
MMMMLXII	2e663575-2f96-42fc-ab59-481993a65a53	Melanie	Mulliganius	female	312.0	Paris	france
MMMMMMMMMCCCXXXVII	e59f1d26-859b-4f06-b12f-3815f886db36	Brittany	Meekerius	female	28.0	Marseille	SWITZERLAND
MMMMCCLXXVI	ecf9433f-bafc-4033-bc10-a86398352bf9	David	Waltersius	other	34.0	MARSEILLE	italy
MMMMMCCLXXXVII	1dfaf24d-a160-49b2-a78b-9eb3724e468b	Betty	Baileyius	female	24.0	Milan	italy
MMMXXXIII	c48d7be8-6d8a-4a54-8886-aa0772eb07f0	Donaldus	Ridderius	male	28.0	Marseille	fRANCE
MMMMMMMMMCCII	17bd964f-77bb-4609-81d8-b64512d39bdc	Beverly	Haywoodius	f	23.0	naples	italy
MMMMMMMMMDCXXXIV	3476af4a-5901-4df0-862b-df8632277955	Sergious	Chatmanius	male	19.0	Naples	italy
MMMMCCCLXXI	34fd72c4-7e1c-45e1-8a83-75c34f993af9	Betty	Matthewsius	female	18.0	Innsbruck	austria
MMMMMDCCVII	6adacb2a-0955-4f7f-bd30-ee9d272fc9af	Justin	Cramerius	m	21.0	Paris	france
MMMMMMDCXLIII	9d0c6b93-976f-43ed-8a19-a69166717efd	Karen	Corujoius	female	20.0	Innsbruck	austria
MMMMMMCMXXXVI	4cdcfab5-6361-4076-b89f-5ada51277449	Larry	Amieius	m	29.0	Lausanne	switzerland
MMMMMMMCDII	f65b73c0-f315-4101-9c9c-18b736b2a471	Rebecca	Tisdaleius	female	27.0	Bern	switzerland
MCCCXLVIII	3e508791-39b1-4f7a-9d4d-c1ad8e6eb45d	Jefferyus	Singletonius	male	26.0	Milan	italy
MMMMMMDCCLXXIX	7cebc3db-8684-424d-b4cf-e49e133d3530	Laronda	Starlingius	other	19.0	Vienna	austria
MMMMMMMDCLXXIII	1a84f75e-7c1e-4d79-9c9a-ebafa285d86f	Jimmie	Bryanius	f	21.0	Trondheim	SWITZERLAND
MMMMMMMDLXXXVIII	b93a2bd8-745e-4e55-b55c-099486887d1d	Hilarious	Mckayius	male	24.0	Lausanne	switzerland
MMMCMLXV	dbbd27d4-c2c6-40c8-9cb0-fd9c544d738f	Donald	Hufftius	other	19.0	Innsbruck	austria
CLXXXV	8b3a8dbf-3a71-4eb1-a811-24b438feeb23	Jamesus	Dealbaius	male	28.0	basel	switzerland
MMMMMMMMMCXLV	61625fd7-7554-456d-97e0-0cfccb540c8f	Eleanore	Moultryius	f	18.0	Trondheim	Austria
MMMDXC	ec182952-88d7-482f-8060-687b6942fdd8	Henryus	Lyius	male	28.0	Paris	france
MMMMMMCCCLXXXVII	f8a2e731-6d47-4d28-9a69-8434b3f63f2a	Gretchen	Forrestius	female	29.0	Paris	fRANCE
CMLXIII	d67f312c-ca91-4fec-bcdf-b7bafb442c6b	Debra	Lunaius	f	22.0	GRAZ	austria
MMMMMMDCCXVIII	d4db943e-0219-4e2a-bb92-40bf2a0bacce	Aisha	Murphyius	female	23.0	Marseille	france
MDCXV	db52c896-ff49-49b6-b419-848ef881526f	Marco	Richardsonius	m	21.0	Lausanne	switzerland
MMMMDCX	878ef0c0-594d-4ee5-8c82-d6238d1fc007	Chris	Brownius	m	27.0	Geneva	switzerland
MMMMMMMMDCCXXX	7d7cd710-bd19-4036-b8c4-c3f60b37286a	Jamesus	Karrius	male	21.0	Graz	austria
MMMMMMMMMCMLXXXI	a2ea421c-0606-4142-8f78-f4a7f292f31e	Margaret	Rosadoius	female	22.0	Innsbruck	austria
MMMMMCMLXXXV	9edab8e5-6bd1-4cd9-826c-6fdf08c01cc6	Cristina	Hallius	female	23.0	Bern	sWITZERLAND
MCCCXCIX	e3d3f7cb-3c88-4376-8591-6fbbfd1a7450	Darlene	Hibblerius	female	29.0	Rome	italy
MMMMMMMMDCCXXXIII	1416bc7c-852e-4e07-a240-614b6bb2bf02	Jewell	Cortezius	female	29.0	Naples	italy
MMDCCXLIV	1dc6ac20-1f6d-4401-a2d7-33c073538ab0	Annie	Maginnisius	female	31.0	Rome	italy
CDXXIII	97f335c7-f820-4ea2-b7c5-acb8ead3a6ec	Robert	Popeius	other	26.0	Daugavpils	sWITZERLAND
MMMMMMMMMDLXI	dbf05c6f-21fb-497f-974e-60e8f9b9c954	Jeannette	Reitzius	female	24.0	Bern	switzerland
DCCCXXII	ebf897ab-6c07-4534-bfc5-7327af3b4e6b	Helen	Armstrongius	female	27.0	Vienna	austria
MMMMMCDXXI	18e45dd5-5750-4d98-ab0d-6ba955313c3d	Kenneth	Howserius	m	27.0	Basel	switzerland
MMCCXXI	d83216a7-126a-4b8c-a1cc-21ad90c38619	Elizabeth	Saylorius	other	24.0	Bern	switzerland
MMMMCXLIX	72d6b27a-4340-4966-87b9-7b104b786779	Morgan	Fultzius	f	22.0	Innsbruck	austria
MMMMMMMMMCCXCIV	80e39ab0-f680-4d16-bf8e-a8f5466aea13	Rafaelus	Sweeneyius	male	22.0	BASEL	switzerland
MMMMMMMMDLXVIII	fed79d3c-46fc-4f24-954c-004be8890ec5	Denise	Mimsius	female	27.0	graz	austria
MMMMMMMMDXXIX	acfc08c1-dfde-461a-8fc6-0d76b1982d42	Patricia	Gregoryius	other	25.0	ROME	ITALY
MMCMXIX	bb520649-7b23-4e0b-a47a-b9ed2a5f473e	Willardus	Aguilarius	male	25.0	Bern	switzerland
MMMMMMDXCIII	7ec7e87f-1650-4e3d-87ab-1773db4fcb01	Everettus	Orellanaius	male	24.0	Bern	switzerland
MMMDLV	05e43de4-1344-44d3-aa10-d83e96a0226e	Nancy	Mikosius	female	338.0	Marseille	france
CMLI	23c6ef24-2cae-47e5-9913-751a7ad488ae	Denise	Neilsonius	female	24.0	Bratislava	austria
MMMMMMMDCCCXC	2344bfc9-361f-45bd-9568-a16313aa4bb6	Alice	Damronius	female	18.0	Zurich	switzerland
MMMMMMMMDCCXLIII	cfddac77-3d2f-480c-ae93-4042b23e9d47	David	Coleius	other	23.0	Rome	italy
MMMMMCCCLXIII	38dff269-53b7-44ad-a567-99b4de3e3849	William	Michaelisius	m	26.0	zurich	switzerland
MMMMMXCI	6714fbbe-c115-425c-ba94-408cb3fe416f	Elias	Hoganius	m	18.0	Kharkiv	switzerland
CDLXVII	ecba1bd2-8698-43d1-9065-b9c4f435b1e1	Geoffrey	Capronius	m	33.0	Innsbruck	austria
MMCLXVII	0efee9a9-ebca-4c20-a0b7-e6c100dc9155	Keithus	Reddenius	male	24.0	Trondheim	switzerland
MMDCXXVII	2499e93b-6635-4e25-a62c-bf38f8e0e271	Susan	Aubuchonius	f	21.0	zurich	switzerland
MMMMMMCDLXXXIV	dfa77ef8-aed1-4b02-b101-a255de77bfdf	Maryann	Harrierius	female	29.0	Marseille	france
MCMXX	deb3894a-3dd0-4d10-af77-7eec2345c2b5	Davidus	Davisius	male	27.0	Lausanne	switzerland
MMMMMMCCXVIII	b2eca5cb-4c63-43f5-8d3f-6f46e7c5fdc0	Donna	Greenius	f	28.0	Bern	SWITZERLAND
MMMMMCMXIV	49ae717a-4981-4040-8e3e-fb62075e77b5	Victorus	Gaydosius	male	33.0	Innsbruck	Austria
MMMMMMMCLXVI	37ab60e3-b4bb-429c-ae6c-9bbf331c80eb	Valerie	Murphyius	female	19.0	Paris	france
MMMMMMMMMCXC	11bdd7a9-928e-44f4-87b2-3b48da70f954	Richardus	Alvarezius	male	20.0	Geneva	switzerland
MMMMMCDXXXVII	6b2a110f-c11b-499a-90bb-f0aca445b7b3	Estelle	Sorensonius	f	24.0	Bern	sWITZERLAND
MMMMDCCXCIV	bd34f6de-909a-45b1-88b1-b013b7d22375	Josephus	Hibbittius	male	20.0	graz	austria
MMMMMMMDLXXIX	c69ffbba-4a42-4626-9318-12c9397f81ad	Christopherus	Greenmanius	male	18.0	Marseille	france
CMXCIII	8c733495-57e3-4d32-8945-40859ac0010c	Georgeus	Ballius	male	25.0	VIENNA	austria
MDCXXXV	2e92d27f-39da-419f-9996-9c3a3859e76c	Stephenus	Dewarius	male	28.0	PARIS	france
MMMMMMMCMIV	cf3284b8-7209-4586-9573-b3bf06a760c4	Christopher	Mcmillenius	m	29.0	Zurich	switzerland
MMMMMDCCCLV	00d3cbb1-852a-4f9b-a51e-be08822c4241	Colleen	Maddenius	f	26.0	Rome	italy
MMMMMMMMMDCCXIX	14093766-1645-43d1-9209-4e625ac828a0	Naomi	Martinezius	f	23.0	LAUSANNE	switzerland
MMMMMMMMDCXXIII	d2637258-1615-443a-a1df-ee6cde7b2c6d	Justinus	Stienius	male	23.0	Trondheim	SWITZERLAND
MCCXXXVII	ba77ce5e-9246-4ac5-b73d-60e14b72db1b	Constance	Romiroius	female	23.0	GENEVA	switzerland
MMCII	dd46307f-ecdd-42e3-8f08-e243ff1d6835	Linda	Jensenius	female	18.0	BASEL	switzerland
MMDIX	b8f14bfe-fd12-4f45-8bbd-da1a53f5ab7b	Sarah	Carruthersius	female	22.0	Milan	italy
MMMMMMMMDCCXXI	4beb2a93-8477-4669-b29a-d075cdb6ad2e	Michael	Adamsius	m	24.0	vienna	AUSTRIA
MCCCLXX	8663903b-4b79-461a-9273-4993bbd91323	Joyce	Verhaagius	female	23.0	Geneva	switzerland
MMMMMXCVI	79e24306-70dc-4aff-b833-e0dabe027272	Betty	Matthewsius	other	26.0	Paris	france
DCCXCIII	4aa73382-5e72-4a3f-aeae-989da605cfaf	Lorna	Ordmanius	other	21.0	Debrecen	france
MMMMMD	4336e006-c989-4abe-a6c0-f280daea4d69	Stephanie	Wojcikius	f	23.0	Bern	Switzerland
MMMMMMMMDCLXVIII	77bda6a8-e160-4eb3-8ce0-ee43633468b5	Claire	Pageius	f	25.0	Lausanne	switzerland
DCCXXXVIII	7240e090-7c25-459c-8202-08e80d2f20a7	Hazel	Wilsonius	female	27.0	PARIS	france
MMCMXLVII	220771e6-e625-4c93-a115-60a4bb3c63c3	Cathey	Gomezius	female	30.0	kharkiv	SWITZERLAND
MCDLXXI	d183d846-ee4f-43dd-ba4f-fad62ec38cfc	Lloydus	Andersonius	male	36.0	bern	switzerland
MMMMCMLXXXVII	eeb5a54f-429d-4164-b23c-9977aa15a8d2	Walterus	Gunterius	male	21.0	Linkoping	switzerland
CCLXXIII	80e8b1a4-3fda-49e1-87e2-103b3ab0bc76	Tamara	Brennerius	f	26.0	Rome	italy
MMMMMMDCCXIV	35cf1683-621c-43bf-a36b-4ffe492bfffa	Helen	Hareius	f	23.0	Bern	switzerland
MMMMMMMMMCMLX	41bc6e10-0270-4e15-99cb-a897f0548455	Stephenus	Nicholasius	male	30.0	Graz	austria
MMMMMMDCVI	e4bda521-8c02-4dae-a9d2-205461646cd6	Sonja	Martinius	female	22.0	Boston	Austria
MMMMMCMXX	a2afc157-48fb-4d24-b39c-37e593f5176c	Janice	Parienteius	female	23.0	Basel	Switzerland
MMMMMMMMDCLXXVI	9fc3b962-554a-4e0c-8e37-a4cbcb658c05	Dexterus	Copelandius	male	21.0	Basel	switzerland
MMMMMMMMDCCCXXXI	e720c509-e3d4-40d0-8b7f-c361fa956b67	Edwardus	Morenoius	male	26.0	MARSEILLE	France
MMMMMMDCCCXXXII	d6d5a350-8dfe-4246-97c3-37da4076c9f7	James	Matlockius	m	26.0	Innsbruck	austria
MMDCLXXXVI	34937b51-4586-4eaf-8877-8008b73886c4	Williamus	Beattyius	male	29.0	Lausanne	Switzerland
MMMMMMDCCXVII	9cd5c5a0-409e-4f11-b37d-a3d6ada09dd3	Walterus	Johnsonius	male	24.0	Geneva	switzerland
MMMMCLXXXIV	c1d2880f-e20f-4678-b730-dc1a8484085b	Patricia	Stevensius	f	22.0	Bern	switzerland
MMCLXXVII	56afa40e-37fd-403b-b129-e8fd1aaf0024	Charlesus	Kradelius	male	30.0	Bern	switzerland
MMMCLXXIII	ac3d0569-7228-460a-8a46-ff60d1f9265e	Martinus	Amatoius	male	26.0	Trondheim	AUSTRIA
MMMMMXCII	75a990ea-b6ce-498b-9ed7-1d0064d05751	Patrickus	Kobayashiius	male	25.0	Bern	switzerland
MMMMMMMMXXVI	665ca2e1-6f23-4b10-a30c-8b0a89103d30	Justin	Allgoodius	m	31.0	Vienna	austria
MDCXCV	a20330b2-5044-41a4-a4fa-bf44d9f9283d	Helen	Andersonius	female	20.0	Oulu	SWITZERLAND
MMMMMMMMMXL	4898de6a-5dec-4fd0-a089-9468776ae374	Scottus	Ashmoreius	male	18.0	Innsbruck	austria
MDCXLI	1b003dc8-6e93-4f3b-bd0f-e3213795c5bb	Virginia	Doddius	f	29.0	Paris	france
MMMMCMXLVII	e507b38e-b6e2-4301-82c2-e046e1ea484b	Sandra	Chapmanius	female	18.0	Lausanne	sWITZERLAND
MMMDLI	fe1ad6db-ffda-4ab9-8a22-28d420dadded	Kennethus	Hillius	male	19.0	Bern	switzerland
MMMMMMMCDLVII	d238312d-1bf8-499f-8c04-368a019f0d90	Maria	Aumickius	female	29.0	Bern	switzerland
MMMMMMMMDCLI	3e3fc854-a566-444b-ab19-5a5564933d7f	Wayneus	Martinezius	male	21.0	GENEVA	SWITZERLAND
CMXXVIII	b37f6ae7-043c-4bec-b142-fc5bd40c54bb	Melissa	Muellerius	female	27.0	Vienna	Austria
MMMMMMMDCXCI	72e85534-2f87-42ae-ab1a-836f1e51aaf1	Aleta	Stephensonius	other	27.0	Rome	italy
MMMMMMMMCCCXI	a933c711-33ca-4f62-990b-e4c814ff5c51	Georgia	Smithsonius	f	26.0	Zurich	switzerland
CCXXXI	9d88f211-048a-4f74-ade1-91223cf91b6e	Patricia	Ruizius	female	20.0	Marseille	switzerland
MMMMMMMMDCII	1b12f282-ca47-470f-87b7-82c14df56a1f	Ernestus	Fieldius	male	18.0	Naples	italy
MMMMMMMMMCDIV	89297b5b-4fcd-42b2-8c99-680a2fc4625f	Antonio	Edwardsius	m	24.0	Bern	Switzerland
MMMMMMMMDCXX	3762e532-607b-4c59-9e17-3e980ff632b3	Jeanette	Clemonsius	female	22.0	paris	france
MDCCXLIII	9062f4f8-5947-4087-83ae-aa3b478defcf	Samuelus	Castorius	male	18.0	Trondheim	austria
MMMMMMMCMXC	7a17df54-c4c7-4f60-847f-ec36633cbfb0	Caroline	Loiaconoius	female	19.0	Paris	france
MDCCLXII	95306460-7361-4d05-a359-a55eb491230b	Carol	Walkerius	female	27.0	Paris	france
MMMMMMMMMCMXVIII	364000f0-b34e-41b9-bac5-0d803bbe66a9	Jamesus	Masonius	male	25.0	Basel	switzerland
MMMDLXXXVII	242a23bf-be93-464c-a7a3-62889a8350d0	Renay	Mangrumius	female	25.0	Lausanne	Switzerland
MMMMMCCCLXXV	4731648a-8617-4b56-8455-dfb6d425132d	Michaelus	Boggsius	male	20.0	VIENNA	austria
MMMMMMCMXXXVIII	d9da7737-4f08-495e-81e4-9ccaf8367de5	Robertus	Embertonius	male	23.0	Trondheim	austria
MMMMMMMMMDXCIV	8ef89519-6531-4efd-8aab-3db93a18ba86	Harleyus	Sewardius	male	34.0	Sochi	switzerland
MMMMMMMMDCCVII	eccae8d0-7d0e-4f6b-aada-9a571af47071	Bernice	Salazarius	f	30.0	Milan	ITALY
MMMMMXVI	6385143f-1480-4e1b-a83d-bdfe1e9a95e7	Edwardus	Mosherius	male	24.0	Marseille	france
MMMMMMMMDLXIV	a83ab8a5-15f0-4ee9-be89-448200a59687	Cathy	Ernestius	other	21.0	Trondheim	france
MMMMDVII	eeca3517-dc3d-4b5b-8343-2038dc131615	Raymondus	Petersius	male	20.0	Helsinki	switzerland
MCLXIV	0dbe1237-86a9-437e-93ea-bad697629115	Heather	Boulericeius	female	19.0	Paris	france
MCMXXV	f0c5aac3-f3c6-4513-ba2d-62caaca8c933	Michelle	Lutherius	female	19.0	Innsbruck	austria
MMMMMCMXLIV	fd67915b-8c36-4a26-a97a-2c3076456e98	Rogerus	Lynchius	male	25.0	Geneva	Switzerland
CCCLXXIX	b20ee034-2b1d-4d4d-938c-07e7bed849f7	Homerus	Brewius	male	25.0	NAPLES	italy
MMMMMDCCV	2dd521bb-a011-47a0-bc05-5e3afa87e468	Linnie	Meredithius	f	21.0	Bern	switzerland
MMMMMMMCCCLXI	444bca57-0491-4289-9c29-ed8e755fa59a	Charlieus	Fonsecaius	male	28.0	Bern	sWITZERLAND
MMMMMMMMCMXLIX	c5449248-d9c9-45b3-b1bd-8d97f58b1417	Ronnyus	Crouseius	male	26.0	zurich	sWITZERLAND
MMMMMMMMDCCCXXXIV	db8bef72-c4df-40f3-b81a-336f4ff6ede5	Marilyn	Dewittius	f	28.0	Basel	switzerland
MMMMXIV	754289af-fb99-441f-b21f-42d3bbc506e5	Geraldus	Spencerius	male	19.0	lausanne	switzerland
MMMMMMMCCCXXXVII	4209e72a-7bef-4d24-96c3-4d90b6065c66	Corine	Maloneius	f	29.0	Toronto	france
MMMMCMXLVI	49f2c804-b73c-489a-81c5-08e5bfc1335c	Lillian	Stantonius	female	25.0	Marseille	france
MMMMMDCCXXXVIII	bd8be627-4fd9-4edd-a591-857542f4e0ce	Jeromeus	Cameronius	male	29.0	innsbruck	austria
MMMMMMMCMXXXIII	a55b1276-3148-495c-b9d8-b51f9b5906b2	Cheryle	Grayius	other	19.0	Paris	fRANCE
MCCXIX	a9f925b7-43fa-4438-9048-c1f3b61b2642	Donald	Maddocksius	m	22.0	Geneva	Switzerland
MMMMCDXV	9c18307e-14d3-4d3f-ba80-8d35f9547273	Angela	Erbius	female	24.0	Zurich	switzerland
MMMMMMMXXVIII	f874aedc-614b-4148-990b-56be14a5b2cf	Brandonus	Noboaius	male	34.0	Zurich	switzerland
MMMMMCCXI	5a167d64-acf2-4e1f-94ff-7aa98af886fd	Williamus	Royius	male	20.0	PARIS	france
MMMMMMMMCCIX	4fd85d8e-2087-48c1-b89f-5f504cf3abb5	Brenda	Byrdius	female	29.0	Bern	switzerland
MCVI	da8bf661-4e10-4685-8fd2-99a17d36a65b	Thomas	Flyntius	m	26.0	Bern	switzerland
CCXIX	aa70769c-0605-4141-9667-468189db6b6d	Christopherus	Gabbamonteius	male	364.0	Lausanne	switzerland
MMMMMMMMMDCCLX	6c7764ac-edb7-4949-a9f5-53518109cb12	Anthonyus	Evansius	male	23.0	Paris	france
MMMMMMMMMDI	51baf0d3-0628-4787-916d-a26cd32cb5d6	Bertha	Lundius	female	19.0	Vancouver	austria
MMCCLIV	f90ebe6b-d7da-4995-b50f-e07296aa18ef	Deborah	Smallius	female	26.0	Lausanne	Switzerland
MMMMMMMMMCCCXCVI	35fa72ef-3286-4034-a640-6b1e61f950e8	Davidus	Karstenius	male	22.0	Munich	switzerland
MCCLXI	a6f53431-cce2-4b4b-8525-4dc45294706d	Darrellus	Oreillyius	male	26.0	Milan	italy
MCMXII	db5f3cb3-f4a3-4698-a85e-9c3293eff2b8	Charlesus	Kendallius	male	29.0	Rome	Italy
MMMCXXX	26cfd868-bb41-4d65-9140-b37a274d0d1f	Barbara	Bermudezius	female	22.0	Marseille	france
MMMMMMMCCCLXXXIII	f696c260-aeb2-4a69-9cf1-0c327360630e	Christopherus	Richardsius	male	22.0	Bern	france
MMDCXLV	fddd24e3-b33b-44f3-b2a5-633c7cdbab6e	Calvinus	Calvinius	male	29.0	Bern	france
MMMMMMCXXXV	bb32d1cb-c36e-4cc3-93c2-2a013edf7e87	Robertus	Wemmerius	male	22.0	Graz	austria
MMMMMMCCCLXXII	97b095b4-8a0a-4948-a1a6-dacdd7413d6b	Georgeus	Warnerius	male	23.0	Graz	austria
DXXIX	a41faf1d-77f7-4bca-82fc-f5da5e2bf710	Carol	Monteroius	female	31.0	Innsbruck	austria
MCI	30233235-39b1-428b-9b82-9215939f7fbc	Davidus	Ramseyius	male	26.0	Zurich	switzerland
MMMMMMMMMDLXVII	616ff25f-7979-49df-83c0-abc231bda983	Rebekah	Misharius	female	22.0	LAUSANNE	SWITZERLAND
MMMDCCXVIII	5bd9d819-803b-4001-8165-f0cc288db5c6	Williamus	Bonnerius	male	21.0	Rome	italy
MMMMMMMMLII	b89c58ae-fa68-48d0-8888-958a938e8f36	Lucille	Bauderius	female	22.0	Rome	ITALY
XLVIII	6845f0b9-160f-4972-8602-5fe1808fbfdd	Benjaminus	Arneecherius	male	29.0	Naples	italy
MMMMMMMDCIV	bb01aa17-fee0-4015-a99b-16ee6d6f9cf8	Linda	Garciaius	female	21.0	Paris	fRANCE
MMMMMMMMLXXXIV	cdcc9384-4ba7-4801-b051-8d999905fa23	Scottus	Grinsteadius	male	28.0	Vienna	austria
MMMMMMMMCCXXXIV	d5907e8e-fbda-4d5a-818c-451315bd0d11	Elizabeth	Cookius	f	20.0	Vienna	austria
MMMMMMMMXIX	8b02cf7d-de2e-4726-9f9f-294c33f954ae	Elizabeth	Lewisius	female	25.0	Lausanne	switzerland
MMMMMDCII	5dd1ef27-b7bf-4be9-aba6-69640d721472	Andrea	Woodius	female	30.0	Geneva	Switzerland
MMMMMMMMMDXXX	24b68825-6f82-4549-88b9-16962ae3b10d	Linda	Wolfius	female	25.0	Paris	fRANCE
MMMMMMMMDCLXXII	e5e1c18f-528a-4de4-a16d-31ddcafaf7ed	Danielus	Carmichaelius	male	32.0	Marseille	france
MMMDCXCVI	3c4fe827-bfda-4f60-b700-3872169bf3c5	Sharon	Hortonius	female	19.0	Innsbruck	austria
MMMMMMCCCLXI	046e1133-b4a1-4072-a064-68ac444b7882	Javierus	Nixius	male	23.0	Vienna	AUSTRIA
MMMMMCXCVI	89535d98-7107-4c43-84a5-cfb7498620b7	Angela	Weidnerius	female	25.0	Geneva	sWITZERLAND
CCXLVI	0fb97f63-2fa0-4d12-89ea-5e602eca05ab	Melisa	Clouseius	female	33.0	Zurich	sWITZERLAND
CXXXIII	f95e7710-4eea-4e7c-a653-3b81f23343a6	Lillian	Lanceius	female	30.0	Geneva	switzerland
MMMMMMMMCDXXII	81ad4508-676d-403c-b949-0aa3c97c4397	Sheldonus	Shippius	male	22.0	Zurich	Switzerland
MMMCDLXXIII	0f9530bf-cb9d-43d5-8d43-3fe4b3343772	Elaine	Plazaius	female	25.0	Paris	france
MMMMMMMMDCCCLXXVI	82b9c2d5-f72b-4d50-8c19-cb58920e3a00	Whitney	Zaringius	female	27.0	Paris	FRANCE
MMMMMMMDCLVIII	f184312e-1306-44fc-95f3-427f2e182ff3	Davidus	Hendersonius	male	22.0	Trondheim	switzerland
MMMMMMMMMCCCXXIX	9213f797-d92b-4a7c-bb1e-ced1bb834d4a	Michele	Taslerius	female	19.0	Zurich	switzerland
MMCCXXXVII	6eacceb4-a81e-4e2b-a2d9-a050e8187ee0	Tierra	Laceyius	female	27.0	Geneva	switzerland
DI	08c72be9-41f7-4245-8168-037735c84bb0	Josephus	Corcoranius	male	19.0	zurich	switzerland
MDCCXVI	c9e083ce-0d1d-4016-9f57-a95e70286736	Rachel	Gregoryius	female	28.0	Naples	italy
MMMMCIV	3bf45c46-f668-4829-b71f-a0ca14b7f5b0	Linda	Maganoius	female	24.0	Lausanne	switzerland
DCCCLIX	f0134b25-8224-4c4b-b0de-84d8e8538c1f	Lillian	Myersius	female	23.0	Trondheim	austria
MMMMMMMMMDCCXXXV	c01ec133-f663-46f9-a7a7-e1c7e4d880fd	Holly	Porterius	f	19.0	VIENNA	austria
MMMMDXCIV	b51f4126-2376-4b68-8772-b69c4c076b2f	Steven	Starlingius	m	23.0	Milan	Austria
MMCCXV	cfb4b727-81ae-4e9e-8f1c-558d11ebba29	Joann	Freedmanius	female	22.0	Marseille	france
MMMMDCCXXII	78f9cfcd-1293-4423-8717-538fea64fdc2	Cameronus	Acostaius	male	26.0	Paris	france
MMMMMMMCCLXXXIII	8224e9b5-591b-43a2-90f3-780b25546e44	Elsie	Mullinsius	female	27.0	Zurich	switzerland
MMMMMDCCXXXII	997cd96f-f8ba-4284-8dd3-df4195256348	Carol	Johnstonius	f	24.0	Paris	france
MMMMMMDLXXXIV	25ac54d5-0b04-4db7-ac4f-d2e69a8be2b4	Rhonda	Nailorius	other	22.0	Vienna	Austria
MMMMMMMMMDCCXCII	e04706d6-79c6-4f2b-9656-70530f40d3a9	Alice	Velasquezius	female	32.0	tmpere	austria
MMCXXVI	45e7a67a-350e-438f-bf75-2031b30d6173	Delia	Millanius	female	32.0	Basel	france
MMMMDCCXCVIII	5ca4b296-7b05-4467-838a-b925b8120350	Rebecca	Ledermanius	f	31.0	Calgary	italy
MMMMMMMCXC	30dbfe65-768d-4321-be12-65a970779f95	Linda	Leonardius	female	25.0	Lausanne	switzerland
MMDXLV	dacd6a0a-b8e4-4c4b-a619-0d74d240d31b	Nicholasus	Penningtonius	male	25.0	Lausanne	switzerland
MMMMXVI	5f8e716c-08ce-4894-babd-2b237507d447	Wanda	Edwardsius	female	25.0	debrecen	france
MMCCLXXVI	3594a237-21bb-46fa-a905-d3f54aef2e1b	Christianus	Vanceius	male	21.0	Bern	switzerland
MMMMMMMCCCVII	e4bc0ff7-7e89-4938-98ed-44b23e73a421	Donaldus	Haleyius	male	23.0	GENEVA	switzerland
MMMMMMMMDCLXXXI	f6fa8fb4-a473-45e0-801d-7ee3903c72dd	Donaldus	Chismius	male	20.0	Graz	austria
MMMLXXVI	765e916a-2138-4b50-b191-f103cfe317f6	Robertus	Lujanius	male	26.0	Basel	switzerland
MMMMMMMCCCLXII	efb23c1a-46c9-447a-9da8-333e645fd4ef	Richard	Hobdenius	other	36.0	Vienna	austria
MMXXXII	689c7d66-6b26-4c86-abae-f79a67154b3f	Brandie	Camperius	female	19.0	Paris	france
MMMDXL	956c6dea-0f05-4575-8448-4091ad7902ac	Verna	Hokeius	f	25.0	Innsbruck	austria
MMCCCI	432741bb-b32b-4233-b40b-6fddd8157f86	Alyssa	Petixius	female	29.0	Paris	france
MMMMDLI	378830a2-56ec-4eec-9f81-9d7ed3962ffb	Alicia	Weissius	female	30.0	Zurich	switzerland
MMMCCLXXI	79f7998c-de68-4c63-8a47-425ee2b37a2e	Sheila	Bennettius	female	38.0	Lausanne	switzerland
MMMMMMMMMDCXXXIX	f49caba5-4ea8-46c2-ad58-9c0469bd6c6a	Thomasus	Blairius	male	23.0	Paris	france
MMMMMMMDCLXXI	3e55e9ac-6faf-4fe7-aeb0-4e9910e0356c	Robin	Morenoius	female	26.0	Trondheim	austria
MMMMMMMDCLXI	8b45254a-983f-49b9-ad86-917e109171f5	Becky	Millerius	f	21.0	Rome	Italy
MDCXIX	72233311-04c3-48bb-9f98-483fd6039822	Donaldus	Taylorius	male	23.0	Graz	austria
MMMMMMMMCMXXVII	3728bae9-6756-479a-aa27-80347c4c1fca	Muriel	Wallius	other	20.0	Graz	austria
MCCIII	8e8bc79a-9471-4a9a-bd81-306a622849e8	Blaineus	Sakodaius	male	22.0	Paris	france
MMMMMMMMMDCCLXXXVIII	6623a2fb-ea00-4336-8c04-49e9f2b4f092	Victor	Jonesius	m	23.0	Basel	switzerland
MMMMMMMMMDCCXL	ce52ef94-2243-467e-8d2c-d0a89a0b58b5	Andrewus	Bookerius	male	23.0	Zurich	switzerland
MMMMMMDCLII	a7672720-2a37-46a1-9dbd-f11bba538e61	Josephus	Hallius	male	25.0	Bern	SWITZERLAND
MMMMMDCCLXXI	2badc02e-ddb4-4645-b3bb-951bcc13d9f1	Nicolasus	Deciccoius	male	26.0	Zurich	switzerland
MMMMDLXXV	a2187aad-6c3e-4ad5-b516-c56f876a3e99	Christy	Sklarius	female	26.0	Naples	Italy
MMMMMMMMMDLXXXI	325fbeb5-2c54-4efe-b60f-f181a62677b6	Geraldus	Jacksonius	male	24.0	ZURICH	switzerland
CCCLXVI	1ce406d0-bee9-48f4-a637-50f222732414	William	Oppius	other	23.0	Graz	austria
MMMMMMCCCXCVI	0abd094c-538f-41d3-a04a-5106480c3f08	Susan	Leeius	female	28.0	Bern	SWITZERLAND
MMDCCLXXIII	288187bd-9bf5-4a7c-8049-c4571eec434c	Martha	Zapataius	f	22.0	Marseille	france
CMXLVI	1d88413f-701d-49b4-8f5c-a9c37ad96171	Vanessa	Garciaius	female	19.0	Graz	austria
CCXXXIII	79541b5e-4ed8-485f-b879-381745ab9ee6	Miranda	Camachoius	other	18.0	marseille	france
MMMMMMMMDXXXVII	c4caeff3-953e-46e9-b656-b4ac87bebfc3	Thomas	Bartolettiius	m	25.0	naples	italy
MMMMMMCXCVII	c14d97b3-d002-4f45-8991-cb68ef3b11b4	Kathie	Butlerius	f	31.0	Graz	austria
MMMMMMDCCCLXXXIII	9b7c1f86-2dfa-4ab7-ab7b-fdcd1b7eed49	Julie	Johnsonius	female	19.0	Zurich	switzerland
MMMMCCLXX	f805fb7e-e341-4211-8a84-32991966ca7c	Scottus	Robertsius	male	29.0	Vienna	austria
MMMMMMDXCVII	3818653f-e06d-4a43-b7ac-db53fd79a913	Armandous	Sherlockius	male	20.0	Malmo	austria
MMMMDLIV	d2b0319d-353e-45f8-873b-1f8e0dec0449	Andrew	Krebsius	m	24.0	Paris	france
DCCCLXVI	ec69d07a-8ae5-4611-bed8-25f788a2488d	Darrell	Muellerius	other	32.0	Innsbruck	austria
MMMMCDXXVI	14e53c7b-faf6-4143-9db5-63f08759eef3	Amanda	Biggsius	f	30.0	Geneva	switzerland
MMMCDXLII	51a69e95-336a-4c31-b7c5-c7095d8d6450	Katherine	Fackrellius	female	22.0	Trondheim	switzerland
DCCVI	00cd31bd-df3b-4786-b81d-11fa3d33898d	Anthony	Brownius	m	31.0	ROME	italy
MMMMMMMMMCCXXXV	6ffead15-79bb-4bba-a478-fae66cc61ffb	Robertus	Duncanius	male	30.0	Paris	france
MMMMMDCCCLXXXIII	7a190d0f-6f00-4eb6-9d6d-4fcd99549b73	Thomasus	Aragonius	male	30.0	Innsbruck	austria
MMMMMMMMCDXXVIII	ce9a53ad-ca47-4efc-9505-9b88bcc73211	Rachael	Brunsonius	female	33.0	Lausanne	switzerland
MMMMMMMCLII	c0b3e68a-5ca2-485e-b62c-0eed817beae5	Charles	Blackburnius	m	24.0	Innsbruck	austria
MMMMMMMDCCCIII	e88fe7e3-ca5b-46dc-a899-8ea19f89e123	Laura	Leeius	female	20.0	basel	sWITZERLAND
MMMIV	aab8bb4d-f076-4579-9369-7100b630d0fd	Genevieve	Taylorius	female	26.0	Paris	France
MMMMMCCCXXI	1d7e0b7c-304d-42c6-a1ed-f4677cdf6532	William	Farnhamius	m	24.0	Trondheim	switzerland
MDCXLVIII	bebe02ad-cd01-41b7-9e0c-7076498f8193	Jonathanus	Silkensonius	male	23.0	Lausanne	switzerland
MMMMMMMMMCCCLXVIII	1e6acdc9-1ecd-4f77-bfbd-06833b462b46	Sherrie	Landfordius	f	29.0	Marseille	france
CDLIX	1ac8a402-758e-44b2-8b4c-36292dc01ee3	Holly	Butlerius	other	33.0	Marseille	france
MMMMMMMMCCI	6fe5e239-d27a-48e7-863d-63c50baee149	Larryus	Schrothius	male	24.0	Bern	switzerland
MMMMMMMLXXXIV	3d42a5fe-c1d6-4ea4-a65c-db16fa0bc870	Mildred	Kennedyius	f	25.0	Vienna	austria
MMCCCX	cc57855e-d8bd-4b36-9cd2-eb9059655a0d	Ronaldus	Offieldius	male	25.0	marseille	fRANCE
MMMMMXXVI	032719df-5505-4419-ab42-c39d6b129a72	Wayneus	Morganius	male	26.0	Paris	france
MMMMMMMMMCMXIX	8f1c7d5b-a58a-45dc-8f6f-45b01d50b139	Stephanie	Hamiltonius	female	30.0	bern	switzerland
MMMMMDCCXCVI	fc46a448-816a-4c95-bc21-c258b51349c7	Jamesus	Pasculliius	male	27.0	Bern	Switzerland
MMMMMMMDCCXXII	fd3da38b-9ed9-4ee5-9c66-26746a3f020c	Bertha	Montgomeryius	female	21.0	Rotterdam	france
MMMMMCXCIX	8d6e5b41-bbdd-437b-9854-cbac8542fcbb	Dorothy	Smithius	female	24.0	Basel	switzerland
MMMMMMMMLVI	effc3642-fa2f-4da8-97e6-a3cba92661c9	Jackie	Richersonius	female	22.0	Milan	switzerland
MMMMMCCCXVI	8a3b8702-61d6-4498-838e-cafbf822d8dd	Roxie	Josephius	female	25.0	zurich	switzerland
MMMMCDXL	79a1bced-7d27-4e1a-9e20-506f31242427	Ezequielus	Kellyius	male	21.0	Lausanne	switzerland
MXXXIV	c53e5850-1922-47e9-9dec-ccacbb362e05	Jamesus	Andersonius	male	33.0	Zurich	switzerland
MMDCLXX	a456fad2-84f9-4910-a370-c0ec99156c11	Patrick	Mcdonaldius	m	26.0	Ljubljana	switzerland
MMMMMMMCMXXI	ab9d53bb-47b4-4158-814f-ab8a3cf1298d	Letitia	Gadbawius	other	35.0	Rome	italy
MMMMMXLVI	ae9f8743-552d-464a-8a17-c59c8b6e2fb1	Victor	Carpenterius	other	19.0	Basel	sWITZERLAND
MMCLXXXI	641918fe-df9e-4a58-bb03-726b05423e91	Andrewus	Weemsius	male	25.0	Zurich	switzerland
MMMDCCV	5cf1fcf3-aff0-426f-85ea-d08d274b943a	Virginia	Howellius	female	24.0	Bern	sWITZERLAND
MMMMCL	67dfcb2f-006e-4d52-afa4-b627c015adfe	Abigail	Gottronius	female	34.0	Lausanne	switzerland
MMMMMMMMMDCCXXI	df7fa6dd-b3b0-431e-ba70-bdc16fcfeb89	Susan	Farabaughius	f	28.0	Basel	switzerland
MMMMMMMDCLXX	608338ba-f968-46a1-bb08-ebd0ec880953	Beverly	Adkinsonius	f	27.0	Vienna	switzerland
MCMXCVI	5086632b-b772-4f75-a40c-7193a51c6f6e	Cynthia	Cousinsius	female	33.0	Bern	switzerland
MMMMMMDCCCLXVI	55a79f09-2965-461a-820e-720c4d1243b8	Ralphus	Mortensonius	male	22.0	LAUSANNE	switzerland
DCXII	ae011173-64b6-4646-b960-bbc4aa330267	Larryus	Silvaius	male	20.0	Lausanne	switzerland
MMMMMDCXCI	3c1fe629-54c7-44d0-bef1-d1e338e30e61	Timothy	Robinsonius	m	21.0	Trondheim	italy
MMCLXIII	d7ce5d59-63d9-4bdf-a668-e59a13d82453	Randyus	Siggersius	male	29.0	Naples	italy
MMMMMMMMDCCCXXII	42cc3a65-2e28-4659-9e53-ed1ff719e57b	Sophie	Kellyius	female	25.0	marseille	france
CMVII	dd767354-5fdf-4f9b-b2e3-5ffce5b42c63	Darlene	Traversoius	female	23.0	Rome	italy
MMMMMMMMCVI	5680849a-0660-47cc-8732-d6215d484d67	Vicki	Carrollius	female	25.0	Turku	france
MMMMMMCMLXXIX	348c6b76-22ca-47e7-9c26-baf45a55a948	Christine	Bannerius	female	247.0	Trondheim	switzerland
MMMMMMMMMCCCXXXVIII	2e613780-5a39-441c-afc2-f28c2878f583	Susan	Cullomius	female	26.0	LAUSANNE	switzerland
MMMMCDXXVII	33a421a1-c94f-471a-ac02-bd4263c6015a	Carol	Bartoszekius	female	25.0	Ljubljana	switzerland
MMMMMMCDLXV	43c0347a-8b75-4f79-a147-2cec7059991d	Coreyus	Scottius	male	21.0	Hamburg	switzerland
MMMMMMMDXII	049a399f-9ba1-457b-a5c1-c9b6be728e0d	Michaelus	Majorius	male	28.0	Innsbruck	austria
MMCDLXII	b5e4a816-c5e6-4529-baac-37ab6fc80c07	Theresa	Highlandius	f	23.0	Basel	switzerland
MMDCXXXIV	cf0b53a6-a831-449e-83f9-7c52c00f8298	Rolandus	Ricardius	male	30.0	Milan	italy
MCIV	7006d09a-69c0-4a70-a024-a674fbc868f6	Luigius	Mercerius	male	21.0	Marseille	france
MMMMMMMMMCDLXIV	1c39fbbb-a9b3-4a07-89c1-fb4eba42a3d7	Teresa	Banahanius	female	29.0	Naples	italy
CDLXXXV	84828c39-0bfb-405d-bd6e-554fcd0565f2	Linda	Taylorius	female	30.0	Paris	france
MMMMMMMMMCC	893c55b0-5185-450e-abe1-8b44339c5ab1	Corrine	Suskiius	female	23.0	Graz	austria
MMMMMMCCVII	165bec73-58e5-4438-959a-4982b63c2493	Patrickus	Seiderius	male	21.0	Zurich	switzerland
MMMMMMMDLXXXVI	9e0195b5-b98b-4b54-90ee-c1621076b477	Erica	Drakeius	f	25.0	Lausanne	switzerland
MMMMMMMMMDCCCXI	1d76aee3-171f-4ff0-b02e-e0ac13ab437b	Lillian	Myersius	f	23.0	Trondheim	switzerland
MMDCXLIV	9c8383cb-1f56-4201-9e3e-eb9ff1aa1330	Timothy	Bradwellius	m	23.0	Basel	switzerland
MMMMMMMMCCXCVI	9e62f260-65f5-428d-868a-1627f96bea84	Mamie	Rhoneius	female	26.0	Trondheim	france
CIV	2c5eb4d4-1d5c-4a15-826e-50a588663557	Barbara	Loehrius	female	19.0	Saint Petersburg	austria
MCMXCII	bfc58cc9-95e4-4ac3-b268-b5c73228aa02	Georgeus	Ricciius	male	22.0	zurich	switzerland
MMMMMMMMCML	41c5c950-30e9-496e-9dbc-c15de7c2d200	Larry	Garciaius	m	19.0	Basel	switzerland
MMMMMDCCCLX	0641dda7-7dbf-4688-990c-09191f01b0b5	Joseph	Robertsius	m	23.0	Rome	italy
MMMCXCVIII	27d21d22-28df-474b-9f49-cb9d5d8776ae	Cindy	Dickius	f	32.0	Basel	Switzerland
MMCLXVIII	574d4b46-e2de-4828-9c9e-55d976bc8681	Carolyn	Olivoius	female	28.0	Espoo	switzerland
MMMMMMMCDLXIX	bb7b4891-ab7b-4448-9e90-7b2291cf53df	Georgeus	Perhamius	male	25.0	LAUSANNE	switzerland
MMMMMMMMMCDLXIX	fa356c44-8559-4b0b-9bf9-f46685281600	Stephanie	Lonesius	f	22.0	Zurich	switzerland
MMMMDCCLIX	f0c53c82-b3d4-483a-8bc5-7b2d32c21d8f	Calvinus	Toanius	male	31.0	Naples	italy
CXII	7ad112b1-a445-4a80-b219-54b51385e139	Terri	Matthewsius	female	32.0	Naples	italy
MMMMDCCVIII	5bed0940-9753-4e16-b26b-39905150082a	Julie	Jonesius	female	23.0	Paris	france
MMMMMMMDLXXV	947f137e-e311-48c3-aca4-16c2766c9751	Jessica	Defabioius	female	26.0	Lausanne	Switzerland
MCCLXXVI	7bf597ac-004c-4886-a2c2-e9abbb6cbd3f	Victoria	Mcleanius	female	32.0	Geneva	Switzerland
MCDLXIX	71fc4c44-1153-4f19-beb8-3f6fe51b7ced	Catherine	Hopkinsius	female	21.0	paris	France
MDCLXXXI	8491c791-c540-4ab6-9578-7fb858eec6a9	Ellisus	Huynhius	male	32.0	Lausanne	SWITZERLAND
MMMMMMMMMCXLIX	f40fcbb8-9504-492d-b38d-ca0b25294b43	Elizabeth	Bollingerius	female	22.0	Marseille	switzerland
MMMMMDCXXI	a20f06e3-bdd5-4577-a6eb-aa8737c0338a	Christina	Rogersius	f	24.0	Paris	France
MMMMMMCCCLXXV	14113cd5-c456-44b9-9c5e-474f412a078a	Velma	Krappius	female	19.0	Vienna	austria
MMMDCXXVI	f55369ac-05eb-4259-8153-bed59035c606	Davidus	Summersius	male	29.0	Marseille	FRANCE
MMMDXXXV	f5776605-2f8f-4ade-b1b4-7d97857f019d	Donald	Sottileius	m	28.0	Basel	switzerland
MMCDXCVI	1ad47fbc-c622-4574-b02a-9ed5bb4650db	Renee	Andersenius	female	28.0	Paris	france
MCLXVIII	c4bdb6a2-caa4-4d60-ad60-dfeb9b53fcc7	Donaldus	Diazius	male	19.0	Brno	switzerland
MMMMMMMMMCDXLI	2767eed8-3e97-4f19-a713-80903488a4cb	Samuelus	Bakerius	male	25.0	Bern	SWITZERLAND
MMMMMMMMDCXXI	2b2adc72-b7fb-4281-8936-2259ca6edffc	Cynthia	Toveyius	f	19.0	Bern	switzerland
MCMLX	980db78f-fcc7-479b-92ca-e69e527e4f0b	Franklinus	Sewardius	male	23.0	Espoo	italy
MMMMCCCLXXIX	82eb3a64-3ff2-4cf5-af9e-e144b8ed4b99	Allen	Binfordius	m	19.0	PARIS	france
MMMMMMMMDCXLIII	bf258bd4-3030-4be8-a9e1-38fa656085e2	Roger	Carterius	m	30.0	Vienna	austria
MMMMDCCCXXXIV	7352a214-180c-4a41-87e2-4a4f01b58ed2	Cliffus	Ullmannius	male	22.0	Vienna	austria
MMMMMMMMMDCCLXXXIX	5074c53c-5dc3-497a-8fa0-77e11b5b3abc	Linda	Kaufmanius	other	31.0	Innsbruck	austria
MMMMCCCLXXVII	c4da6cd9-f0a9-4c24-aa30-4ea14fa7d8b5	Linda	Staffordius	female	35.0	Marseille	france
MMCCXL	890a3fb5-f4bc-4388-8493-946c62b02c7f	Donaldus	Juneius	male	29.0	Zurich	switzerland
MMMMMMCCCXCI	508be0d0-9c16-43a2-9afc-6fc5587bf2cc	Joann	Aguilarius	f	23.0	Zurich	switzerland
MMDCXXI	7107919c-3e47-495b-9011-5e1384f9964a	Laura	Mccammonius	female	19.0	Trondheim	austria
XCIX	19e3a480-5f91-40f5-a307-0bf1b16c4b2d	Vivian	Harrisius	female	29.0	Graz	austria
MMMMMCCCXCII	9effd436-2d9b-43c9-a90f-98f0187623f7	Josephus	Lomaxius	male	31.0	ROME	italy
MMCDL	d95706f0-9376-44a5-b262-186cdfa78f4f	Michaelus	Mazzellaius	male	25.0	Innsbruck	austria
MMMDCCLXXXIV	807f6bbe-e8e3-480d-ab2a-700a257b68c0	Dennisus	Francisius	male	21.0	Marseille	fRANCE
MMMMMMMMLXII	53e88efd-2288-413b-bc15-958ed66d3975	Stephen	Koontzius	m	22.0	Graz	austria
MMMMMMMMMLVIII	9d8bba66-b3ee-499e-9e32-e24e14d7f3ab	Catherine	Hallius	female	31.0	Paris	france
MMMMMMMDCCLXXXI	e4367106-154d-4c57-b8e1-2fa5471b398c	Brianus	Skousenius	male	18.0	paris	france
CLXXIV	b1542a92-ae72-430e-8905-df11d8fdc96d	Ashleyus	Knowlesius	male	25.0	marseille	france
MMMMMMCCXIX	86f0bb77-a804-4005-b5f2-a9f52556511f	Evangeline	Cloverius	female	27.0	Bern	switzerland
MCXLII	57219286-a753-40ee-85f1-bf808b2de27e	Justinus	Delaneyius	male	35.0	BERN	switzerland
MDCLXXI	1c54627c-2e7d-4c62-ae4f-51fde61ef192	Mario	Blomdahlius	m	26.0	Bern	switzerland
DCCLXV	225a85b7-039e-424f-b603-692b436e5c4e	Barbara	Loveius	f	22.0	Lausanne	SWITZERLAND
MMMMMDCCCLXXIII	5cd21ea1-1c53-4f98-8893-126073f1eb47	Donaldus	Hamiltonius	male	25.0	Basel	switzerland
MMMMMMMMDCCXCV	35543e84-1ff4-4a1b-b3b7-416279121d2a	Williamus	Yamamotoius	male	25.0	Zurich	switzerland
MMMMMCLXXXIII	11e17141-1de8-4b8b-9b41-8340db984ea4	Marjorie	Schermanius	f	19.0	Trondheim	switzerland
LXXXVII	d1399d00-6ee5-438b-bc4b-03668519c3fc	Elizabeth	Fieldsius	f	18.0	Zurich	switzerland
MMMMMMMDLIX	a6cb4713-c7ba-4666-a06b-28149f50c8bc	Marshall	Travisius	m	36.0	Moscow	SWITZERLAND
MMCMLXX	e5b195e3-1c0d-41a5-bb4b-1d5c04138188	David	Willisius	m	22.0	Paris	france
MMCDLXVIII	dfb0e597-682c-484b-a2f2-3be7053fef43	Phillipus	Clarkius	male	30.0	Marseille	france
MMXI	46e11bd3-a113-4dce-82d8-064eacf2203a	Linda	Brownius	f	24.0	Paris	france
DLXXIII	c6141bc0-d077-4753-a9d6-21e24c04d4dc	Jamesus	Wilsonius	male	37.0	Basel	switzerland
MMMMMMMMMCMLXXXIV	4ed30eb2-c93c-4aed-9f0e-b4e2558185ab	Felipeus	Adamsius	male	18.0	Helsinki	italy
MMMMMMMLXXI	a78cf6a2-febe-464f-96af-5ee650a4bad7	Martin	Orozcoius	other	25.0	Marseille	france
MMMMMMDXXXIII	9478854d-8965-4d9c-9b79-589bf7f632de	Janice	Arceneauxius	other	25.0	Naples	italy
MCDXLVI	7c0164d7-aa3b-42b4-b1f5-d5135259e625	Katherine	Boggsius	female	29.0	Bern	switzerland
DCCCIX	9131f71f-8b2c-4236-8a9e-6158bb06ff8c	Stacey	Gilius	female	25.0	Basel	Switzerland
MMMMMMMMDCCLXXIII	bb14a646-a711-4eb4-ae50-40c78dceb944	Joyce	Gandyius	female	31.0	Ostrava	france
MMXX	8e7fe236-acf2-414e-b98d-b408bae41ad5	Robert	Friedmanius	other	28.0	Naples	italy
MCMXXXII	64ff6b2d-2a9f-4cf8-be87-b337dd687d3f	Ericka	Boschius	female	22.0	Trondheim	italy
MMMMMDCCLXXIII	24171e83-76d2-477d-bdc4-1fbdd2272293	Joesphus	Rutherfordius	male	33.0	Marseille	FRANCE
MMMDCL	ca0a81c5-120d-4595-ad00-65d3fe9bff81	Charlotte	Mutoius	f	26.0	Basel	switzerland
MMMMMMMCCCLXXXI	cfe3eafe-1822-45a5-86e7-473553455b97	Whitney	Klappius	female	20.0	Graz	austria
DCCCLXII	1898323e-1733-44bf-90a9-c32a1857899a	Charlesus	Tufanoius	male	30.0	Innsbruck	austria
MMMMMMDXXI	de98465c-c345-4731-b072-5c04d6b20c3b	Leticia	Presslyius	female	27.0	Naples	italy
MMMMMMMMMCCXLI	46b5b036-1204-449c-817c-f2fb9ca4a371	Regina	Davisius	female	28.0	Vienna	austria
MMDC	b99c35ca-a8a0-4fd0-a012-b1e64bd0c2e4	Eileen	Petruzzelliius	f	26.0	Marseille	France
MMMMMMMMMDLXXX	6a3f79f3-3e04-4314-80ed-2e48d6daf296	Willieus	Steitzius	male	21.0	Zurich	switzerland
MMCCLXVI	88b2615e-c9a4-4d6a-8f25-407980baa893	Patricia	Brownius	f	28.0	Innsbruck	austria
MMMMDCCLXXI	3935886e-5e98-4308-93bc-a9901d30b25e	Marvinus	Brianius	male	18.0	Zurich	switzerland
MMMMCCXX	51b3398d-be1c-4ee1-8918-ae3cb05ac698	Julianus	Hammerius	male	22.0	graz	austria
MMMMMMDLVIII	d65ae9ac-8802-43a0-8f7a-d9d853768feb	Margaret	Tintingerius	other	21.0	Debrecen	switzerland
MMMMMMDCVII	952364fe-32d3-4680-b9db-f21dddfdd0c6	Claudette	Montalvoius	female	31.0	Lausanne	switzerland
MMMMMDCLXXIX	214b6502-1517-42e9-981f-ebfd3c5bf7b9	Linda	Gilesius	female	24.0	Naples	italy
DCCCXXIX	bef4720b-abdd-41a6-8d64-5f94c05982b1	Carrie	Oliverius	f	34.0	Lausanne	switzerland
MMMMMMCMLXIII	dbcb8c76-7ae2-4ffe-a86d-a223944b72bd	Michelle	Hallius	f	25.0	Vienna	austria
MMMMMCDXLIII	392127d2-86c8-4c4b-9479-321f92eba891	Beverly	Gibsonius	female	27.0	Zurich	switzerland
MMMMMMMDXX	260e7d0a-edb5-407c-a7e0-0f1e93cad3a9	Bernice	Fedezkoius	other	22.0	New York	SWITZERLAND
DCCXI	434f17eb-80c7-4e8b-a966-2a0b7af78f43	Ernest	Wheelerius	other	18.0	ZURICH	switzerland
MMMMMMDCCCXLV	582b6ba5-be41-4ac9-b4a0-ee97261fb377	Stephenus	Hillius	male	30.0	Vienna	france
MDCCCXIX	29ee8b0e-08e6-461e-a395-c275c804e911	Lavonne	Sabinius	other	25.0	Riga	italy
MMMCDXCIV	fad23c7b-efed-40be-9230-0991edfeda40	Ralphus	Mercardoius	male	24.0	Rome	italy
MMMMMCXIII	5c9f63c8-94bc-4bdb-9489-176206c2b771	Leticia	Klareius	f	20.0	Lausanne	Switzerland
XLIV	bd465097-7e9f-4527-8774-66777936feb7	Clint	Smithius	m	30.0	Marseille	france
MMMDCCLXI	01deec01-71f3-4a88-b1b0-8d785af812aa	William	Studtius	m	18.0	vienna	austria
DXCII	be53edee-1ff8-4014-9a29-2322e982119b	Harrisus	Perryius	male	21.0	Marseille	france
MMMMVI	f618b852-a9bb-43ae-9d84-dd6add29e02c	Bobbyus	Smithius	male	22.0	Innsbruck	austria
MMMMMMMMMDCCXXXIV	c9def860-d8e7-4f56-86f6-f2e48e6cbd76	Williamus	Esquerraius	male	27.0	Lausanne	switzerland
MMMMMDXLVIII	2237e644-6e22-47c9-92cb-98f8b5a12d83	Glenn	Pellandius	other	30.0	basel	switzerland
XXXIV	042b2576-4c07-4301-8b54-9e4379b3065a	Priscilla	Seawellius	female	34.0	Helsinki	france
MMXCVII	018396c5-66ce-4926-813c-724a4f90c27e	Sammyus	Whiteius	male	23.0	Trondheim	austria
MMMMDCCXIII	61a3c86d-74f3-4d34-a17f-f43fa014707a	Delores	Lynchius	female	26.0	Geneva	switzerland
MMMMMMMMDCLXXVIII	fdb0b0fc-6308-4e29-ab99-16d9590365c9	Jasonus	Clantzius	male	20.0	Trondheim	italy
MMDCLXVIII	7f20237e-564e-43b7-87f2-90fa6be3c109	Wanda	Cieslikius	female	24.0	Basel	switzerland
MMMDLXI	2831a4f6-9ad7-4eb5-8e84-0041a06565bc	Joyce	Westius	f	26.0	Basel	switzerland
MMMMMXL	a40d8147-f412-4187-a676-1663e5e596f7	Aubrey	Gloverius	m	21.0	Rome	italy
MLXXXI	79b93a86-820b-406a-9eb7-3173ee714b71	Kendra	Stevensius	female	28.0	Basel	switzerland
MMMMMMDCCLXX	0bd9ce51-9d41-43e1-adbd-b3e80535b537	Lewisus	Reynaius	male	26.0	Basel	switzerland
CDXLI	dcbefd77-5033-468f-984d-ff7d69d495ff	Robertus	Sullivanius	male	28.0	Innsbruck	austria
MMMMMMMMCDXXXVIII	5b1e0c8a-42d5-421a-9db2-4527241f8684	Charlesus	Hulettius	male	24.0	geneva	switzerland
MMMMMMMDCCCLXXXII	cb669ee7-58ec-4817-9b7a-19b14a54927f	Christian	Jonesius	m	29.0	Vienna	austria
MMDLXXIII	31c29b22-68d7-4350-afef-2085af0034e4	Williamus	Lugoius	male	20.0	Lausanne	switzerland
MMMMMLXXXVI	e2937c88-521e-4fcb-8aab-c58062905c7f	Karen	Millerius	female	22.0	TORONTO	switzerland
MMMCDLIV	5cf574f9-e855-4eee-b75d-67f62a4f2053	Peter	Ahmedius	m	29.0	PARIS	france
MMMMDCIX	971129a3-ec02-4667-8e43-21d79d707a54	Shelley	Graggius	f	29.0	Vienna	austria
MMMMMMMMMDCIX	c0a2bffc-cc71-4fad-996b-2c749db2720b	Maggie	Fordius	female	22.0	Stockholm	switzerland
MMMMMMMMMDLXXV	f9a12c76-aabf-43ea-b365-86ff8b844585	Christine	Asteius	f	27.0	Basel	Switzerland
MMMMDCCCLVII	3e6b0363-88e1-48a0-810a-e9a45f463abd	Jessica	Hardyius	female	26.0	Bern	switzerland
MMMMMMMMMDCCLIII	30847b3c-4934-4b93-ac20-1640c68465ea	Jerryus	Kimius	male	23.0	Lausanne	switzerland
MMMMMMMCDLXXXII	ffe5907f-edf9-4b86-86e4-f381659207e4	Brian	Rodgersius	m	35.0	Marseille	italy
MMMMVIII	d9f3c61e-fc06-4234-bc44-314febb5a2cc	George	Roweius	m	30.0	zurich	switzerland
MMMMMMCMLV	6899bd32-11bc-4dbf-914a-95b73419ac8d	James	Shaferius	other	19.0	Trondheim	austria
MMMMMMMMMLXVI	6478772a-2535-485c-ae9b-bfa333f995c3	Jillian	Defrancoius	female	27.0	Zurich	SWITZERLAND
MMMMMMMMMCCCLX	7f33327a-6062-4730-8ada-e91480121d55	Robert	Ballius	m	31.0	Naples	italy
MMMMMMMMXXXVI	c087d878-8dad-4963-8919-04552059dcff	Edward	Keenanius	m	34.0	Milan	italy
MMMMMCLXXVI	18043a1d-7c55-473e-810f-042bd2aa80d3	Bernice	Hiemstraius	female	32.0	Naples	italy
MMMMMMMMDCCCLVII	1f55818d-a3ea-4e8c-b1ce-0d8f63907e11	Larryus	Birtius	male	28.0	BASEL	switzerland
MMMMMMMMMCXLVIII	1253f6d4-6fdd-402f-bfd2-0693319e9a46	Darrenus	Franksius	male	20.0	Vienna	austria
MMMMIX	075dbf36-cc3b-4e12-bbd1-8339d6486ba3	Minerva	Silcoxius	female	20.0	Naples	Italy
MMMMMMMMMCLXXXVII	66d988df-4320-4b4c-8b9b-64d1e0eee308	Louis	Ostranderius	m	27.0	Bern	switzerland
MMMMMMCMXLVII	6dc3899f-7612-44aa-99e6-de6f920c4143	Cynthia	Valverdeius	female	20.0	Geneva	switzerland
MMCXC	31b41116-ee7c-4bf3-b9e0-e32d619f4f4d	Phyllis	Despresius	female	26.0	Innsbruck	austria
MMMMMMDXX	77b817f9-419f-49a6-8c11-532eae1141cf	Royalus	Clarkius	male	23.0	Rome	italy
MMMMMMCDI	3394d2d1-e7b8-4134-893b-00f9518100c1	Andrewus	Hernandezius	male	33.0	Milan	italy
MMMMMMMMMCMXCVIII	bf144ec6-af6e-4a4f-9026-7f02999205d7	James	Hoffpavirius	m	28.0	Basel	switzerland
MMMMMMMMMDCCLVII	7c732d49-783f-468f-87bf-09913031e87c	Maria	Phillipsius	f	31.0	Innsbruck	Austria
MMMMMMDCCXLI	83a7c486-1488-4d86-8d67-a7d8d93e44ae	Sonia	Cullenius	female	30.0	Marseille	france
MMMMMMMMMDCCLXXIX	c570c026-ac8a-4350-b643-492be05398ce	Wayneus	Tointonius	male	31.0	Geneva	switzerland
MMMMMMMMCCLXXXVI	79fdd1a2-2294-46c3-aee9-c2d50c42db41	Kennethus	Bennettius	male	30.0	Milan	italy
XVI	f493579f-e361-49f7-8a1c-cf37d8e61ef2	Betty	Hodgsonius	female	22.0	INNSBRUCK	austria
MMCCCXVII	802d447b-f50a-4c49-85ec-64182355dd84	Madeleine	Loweryius	female	21.0	Bern	switzerland
MMMMMMDXXX	0e3e8588-0b1c-4f4e-b5be-1f096664219c	Steveus	Burgosius	male	23.0	rome	italy
MMMMMMMMDCXCVII	aab75a03-fd0e-4fb3-b26d-2a00eb076a52	Maryjo	Coilius	female	29.0	Naples	italy
MMMMMMMMCLXXIX	2c252c75-c03d-4d90-99b1-7bd0a613b5ff	Patrickus	Westonius	male	31.0	Zurich	Switzerland
MMMMDCCLXI	3ff46cd7-7989-4d57-bbe0-72b9e40849cd	Jamesus	Cooneyius	male	19.0	paris	france
MMMMMMMMMDCLXXVII	8d6355ec-ad78-4b91-ac51-c4db02441906	Heather	Duboisius	female	25.0	MILAN	italy
MMMMMMMMMCLXXIV	dc66c06a-a5d6-492e-bfcc-9bbff1dd1036	Mallory	Wiesnerius	female	25.0	AMSTERDAM	switzerland
MMMMMMMMMCMXXX	c8f80ffd-5069-4090-9b1a-01a180aaea6d	Linda	Lampkinius	female	33.0	Paris	france
MDLXVI	02cd9960-b3d6-4e53-b0d0-67e4c04bbee8	Renato	Lacroixius	m	22.0	Graz	AUSTRIA
MMMMMMMDCCXCIV	5f1e8510-f479-4209-8b7e-9bda749023cf	Monroeus	Davisius	male	18.0	boston	italy
MMMMMCDLXVII	31be8818-fd1d-41d3-afdd-74042b266dc9	Robertus	Cliftonius	male	28.0	Zurich	switzerland
MMMDI	17fc7e31-6e93-4542-8cc8-83c2ef108f2b	Helen	Saldanaius	f	35.0	Gothenburg	switzerland
MMMMMCMLXXVI	1cc5e664-74de-47ef-97ce-fdd755ae3454	William	Childersius	m	26.0	Zurich	switzerland
MMMMMMMCCLI	b49c3687-cfca-4b05-84eb-3c11c8b848e3	Alexanderus	Carleius	male	22.0	Marseille	france
DXCIV	45b5c9eb-c32d-428f-be9d-7ba5e9196a5f	Julie	Greeneius	other	25.0	Bern	switzerland
MMMMMMMXL	a12b712a-3d22-4b38-b93e-914be6acc036	Peggy	Hicksius	female	377.0	Rotterdam	austria
MMMMMMMMCLXII	d64d0202-7301-461e-8a54-33f9fe8c82d1	Patricia	Kochius	f	29.0	Rome	italy
DCCIII	c950a759-7356-4f7d-b0d2-989ac4c8df95	Timothyus	Beatonius	male	26.0	Zurich	switzerland
MMMMMMMMCCCXXX	0af88a17-4fef-463d-8a21-efcdb4f25e23	Grace	Harrisius	f	24.0	Innsbruck	austria
MMMMDLXXXI	9dd8980a-ee7b-4f8e-a5d1-1880c479ddc8	Bessie	Coleius	other	28.0	lausanne	switzerland
MDCXVI	64d00a9b-7ff1-4d49-a39b-68e9e258b889	Lottie	Jacksonius	female	338.0	Innsbruck	austria
MMMMMMMMCCLXXXIX	e7666232-06ba-4522-a03a-2150d54c60d2	Franciscous	Sanchezius	male	34.0	Bratislava	switzerland
MMMMMCCCXXIII	f3997be9-2460-4e5f-8f21-87feaeb17af1	Della	Blakeleyius	female	18.0	milan	Italy
MMMMMMMDCCLXV	220d5d7c-8677-4a43-9f58-51049d8c281d	Robin	Pharrisius	other	22.0	Trondheim	switzerland
MCCVII	f6b0f13b-fbe1-4b4f-9b9d-d77352ea623b	Bobbyus	Roacheius	male	28.0	geneva	SWITZERLAND
MMCCX	ba187acf-228a-4e55-9e38-cc87c30a8568	Billy	Lewisius	m	26.0	paris	france
MMMMMMMMDLIV	6ad2a2a7-1df7-4288-8745-6de58d806205	Sarah	Martinezius	f	33.0	Basel	switzerland
MCLXXIII	c0168fdf-1083-4cd5-91c5-ade964cfdc45	Mariaus	Daltonius	male	22.0	Paris	fRANCE
MMMMMDCCCXXXII	e52b323e-1795-4f5c-968d-3e7ad18eeba0	Alicia	Chapmanius	female	31.0	Vienna	austria
MMDCCXLIX	dd409dba-ede5-4451-b9fd-eaf848800f3f	Shirley	Williamsius	female	22.0	Zurich	switzerland
MMMDCCLII	6194a653-7d5a-4d6c-9a3a-093f194f48b6	Beverly	Rogersius	female	27.0	Naples	italy
MMMMMMCMLXXXVII	d76f0733-df10-4495-92b6-f93846b92728	Lolita	Michelius	f	25.0	Milan	italy
DCCCVI	d23e632c-1171-45cf-b92f-fd09dc5feef0	Gloria	Stinsonius	female	23.0	Zurich	switzerland
MMMMMMCMXVII	08d9649c-8e38-43e7-a554-e1231d0887b2	Robertus	Johnius	male	19.0	Basel	switzerland
MMCDLXXVI	6aee4847-0c5c-4355-bc03-ff5b0ad333d1	Stanleyus	Lassiterius	male	18.0	zurich	Switzerland
MMMMMMMMMCMIX	6de255f2-fbf5-4d87-88d8-55e3f4c75db4	Ashley	Garnerius	female	25.0	Innsbruck	Austria
MMCCCLXXV	15a38968-aaad-4ebe-ba43-b925bc2b4304	Frederickus	Mewbornius	male	29.0	Vienna	Austria
MMMCMXCVI	5c807de3-1a8a-466e-99ab-f76e8d160ed9	Estela	Hutchersonius	female	24.0	Basel	switzerland
MMMMCXXXIV	e6aebb83-bed8-49eb-98bb-3d612f2cabe7	Vaughnus	Murrayius	male	26.0	Innsbruck	austria
MMMMMMCDXVII	b56f514a-28fa-4bc7-a6a8-368f161d42fb	Gracie	Feaginius	female	21.0	Basel	switzerland
MMMMMMMMMXVI	3055c6dc-0d79-4f88-a6e5-dab54750f617	Jasonus	Edwardsius	male	28.0	Vienna	Austria
MMMMDCCXXIII	8f73ba58-261e-458d-ad3f-e3266b2cb7a1	Anthonyus	Oconnellius	male	30.0	Basel	switzerland
MMMMMMXCIII	843d216b-0fc8-47bc-b98c-c4682d9b1d52	Antonio	Menzeius	other	20.0	Naples	italy
MMMMMCMLI	a6a61a38-0612-4d12-92f0-77f69aebc647	Verdell	Barrosius	f	22.0	Innsbruck	Austria
MMMMMCDLXIV	90c2bb74-29ac-4f3f-bcfe-f9a3a83d9e4b	Ralphus	Jacksonius	male	27.0	Vienna	austria
MMMCDVIII	5225703f-d4df-4677-9aaa-0ba3de0b84d0	Hayley	Trimbleius	f	25.0	Geneva	austria
MMMMMMDLXIV	5586bbd2-f66a-499c-af2a-51bbd8776f87	Oscar	Moonius	m	26.0	Kosice	Austria
MMMMMMMCCCXVIII	eac157d6-6230-4e37-b16f-60cb41e1c37a	Timothyus	Phillipsius	male	30.0	PARIS	france
MMMMMMMCDXI	f67e269f-f6b2-468e-826a-5155a68a2506	Helen	Puckettius	female	34.0	Lausanne	Switzerland
MCCXXVII	2ddff072-6553-4e44-ba3c-eb0d09c8e6c6	Chongus	Griffinius	male	20.0	Milan	italy
MMCCCLXXX	8ee732e0-746d-42ea-8245-b9df5b60b5c9	Thomasus	Sperreyius	male	30.0	Paris	France
MMMMMMMMDCXXXV	ee06f1f6-1529-496d-8616-5b206360c14c	Barbara	Shamapandeius	f	18.0	Basel	switzerland
MMMMCVI	ee5f6b7c-fa39-4d7e-95e0-26ca6ebd3f49	William	Nicholsius	other	26.0	LAUSANNE	switzerland
MMDCXCVI	8f269a5b-b73d-4cec-ae99-e98d7e214b15	Keith	Bakerius	m	21.0	Trondheim	switzerland
MCCLXXXIV	68ff1c8b-e70b-4cd1-969e-38b60d94ba00	Haroldus	Reedius	male	28.0	Bern	Switzerland
MMMMMMMMMDCXCII	3b8c9511-d956-4d41-9982-5b8057831a5c	Walterus	Rutledgeius	male	23.0	Trondheim	fRANCE
MDXCIII	23468cfb-9949-448b-a760-bb6e3731cfdc	Daniel	Durhamius	m	20.0	Paris	france
MCMV	8345472d-b00c-4f23-847c-630379b927c8	Jerryus	Craigius	male	24.0	Paris	france
MMMMDCXXIII	30ee2087-df72-447b-ba48-90241871287f	Robertus	Amersonius	male	24.0	Bern	sWITZERLAND
MMMMMMMMXVIII	d21a67d0-40ba-47f1-9aff-5ed023ef031f	Camille	Beardenius	female	27.0	Geneva	switzerland
MMDCLXXVI	c7e65822-0988-4ec3-b76b-5d3936aba9cc	David	Nicholasius	other	26.0	Lausanne	switzerland
MMMMMCXXIII	d8db0f17-ed06-4545-a47f-26d58bbb1c08	Dottie	Oberryius	female	25.0	Bern	switzerland
MDCCCLXXXIX	756dd792-d33e-483d-850c-e273fadc04ea	Nilsa	Venableius	f	22.0	new york	switzerland
MMMMMMMMMDCCLXXIV	6ed95177-e036-4fac-b119-ec272eb40672	Linda	Whiteius	female	21.0	Geneva	switzerland
MMMDCCIX	43116caf-1a42-463c-9f48-47a23ff82145	Brittany	Pellaius	female	25.0	Vienna	austria
MMMMMMMMDCXLVII	5b2c5ea8-8c9c-4692-a2b7-98b6c0b84b6f	Mckinleyus	Littleius	male	29.0	Vienna	austria
MMMMMDXIII	d5c67098-b0d7-46cb-960f-22b30fb14160	Brianus	Ortegaius	male	312.0	Trondheim	Austria
MMMCDXXXVII	353b0da5-a244-4f4c-9dcd-7d1e2a5d48a9	Nicholas	Zabalaius	m	22.0	linkoping	switzerland
MMMMDLIX	1f91f4f1-25f4-463d-8929-4477f6bbc780	Scott	Garciaius	other	30.0	Berlin	fRANCE
MMMMMLXXXV	a402b10d-2b62-4adf-9f93-3609717c3cd0	Alicia	Freeius	female	22.0	Rome	italy
MMMMDCCCXXIV	33f5750b-3fc3-4dee-9b6a-303852158864	Dennisus	Curryius	male	19.0	bern	switzerland
MMMCDXXX	d8748c86-0f24-4fc7-9fd3-a32a2250ceee	Debra	Millerius	female	23.0	Zurich	switzerland
MMMMCXIV	2d43e440-ecb1-4399-9bc8-9ff1e01f5986	Thomas	Kaehlerius	m	23.0	Graz	austria
MMMMMMMMMCCLXXI	ef84d919-a35f-4d76-9c1a-a9a9acf4697e	Esther	Rookius	f	29.0	Naples	italy
MMMMMMMMMCXXXI	2f72eb10-7dd5-4ef4-9101-6ef59801b4aa	Stephanie	Parksius	female	20.0	Marseille	france
MMMMMCCXXVIII	2014a3e5-118c-4c13-9228-b31d0fa0095f	Aaron	Siglerius	other	18.0	Marseille	france
MMMCLXIX	f64cbe1e-6f13-4c9b-bafb-5055bb83858d	Jonathanus	Andersonius	male	21.0	NAPLES	ITALY
MMMMCMLXX	9292e2d6-15df-4bd9-8816-92b4659a85d7	Annie	Whiteius	f	19.0	Paris	france
MMMMMCCVIII	669f171b-ab38-49e3-9688-539c0269acb4	Emily	Dobsonius	f	23.0	Rome	italy
MMMMMMMDCCCLII	18bda3a1-7bb8-43a8-8320-df62d39d23a3	Kathleen	Puckettius	f	20.0	Trondheim	switzerland
MMMMMMCCLXX	a71ebd8a-5b5b-486e-89a5-f13ba4884d8a	Arlene	Fornesius	f	33.0	PARIS	france
MMMMXL	bb601253-d260-4416-9e25-5e5579342213	Christine	Bechtelius	f	27.0	Lausanne	switzerland
DLXI	6c2ddee3-13ff-4600-8dd8-47ab34d25794	Jennifer	Jacksonius	female	21.0	Bern	switzerland
MMDXVIII	329fb1bc-1066-49a5-81b3-56f9c3636f9b	Cheryl	Arnoldius	f	32.0	lausanne	SWITZERLAND
MMMDCCLXXXVII	ca2da770-792a-4eba-8501-58a1050c90db	Alice	Stoutius	f	34.0	Milan	italy
CCCXXVII	03b53062-203e-45db-a016-b7e351b02863	William	Lucasius	m	23.0	Zurich	sWITZERLAND
MMMMMMMMMDCCLXVI	75224f2a-7f36-4e21-8a75-a6662aa08b9e	Richard	Redheadius	m	25.0	Zurich	switzerland
MDXXXV	b78b1a1b-c377-4061-b653-cc6412772e8f	Davidus	Wrightius	male	25.0	Innsbruck	austria
MMMMMCMXII	b243cc13-a13d-4d49-b138-c20e207cb5b3	Robyn	Hormellius	female	31.0	Lausanne	switzerland
MMMMDCCLI	7435c25c-8d46-4e1d-8fb9-ce4e15116ed5	Velma	Bondius	female	26.0	Innsbruck	austria
MDCCCXXXVI	1dd8dd92-b24e-4895-bf65-abc6bd2c8b6a	Harlanus	Hinshawius	male	31.0	Marseille	switzerland
MMMMMDCCXL	5226c9db-fca9-4a1d-8b3a-0e1c219b0c7d	Charlesus	Nyius	male	25.0	lausanne	switzerland
MLXXVI	19c1c1d8-2ad6-4fd7-b4e2-ed64be30ed58	Robertus	Sextonius	male	28.0	milan	ITALY
MMMMMMCCCL	bace07e3-465c-480b-b8cd-8545b26c43ce	Jessica	Darlingius	f	28.0	zurich	switzerland
MMMDCCXLIII	718b75bc-b764-4c29-af6b-44cf38ff5a37	Pamela	Cosperius	f	27.0	Geneva	sWITZERLAND
MMMDCCLXXIV	74da5732-782b-4f89-8bca-dda029405b95	Benjaminus	Leslieius	male	28.0	marseille	france
MMMMMCXCVIII	d9233268-19dd-477b-9182-54220541db41	Frances	Cornerius	f	27.0	Daugavpils	switzerland
MCMLXXII	611b5be5-7fa6-4ac3-8382-3a44d4c8456d	Patricia	Richius	f	30.0	Basel	switzerland
DVIII	91cc089d-aa18-496a-a035-a41784edd853	Elizabeth	Edneyius	female	23.0	Bratislava	SWITZERLAND
MMMMCDLVIII	157f3720-efcd-48a2-86e3-2f4dc9ac2c07	Clarkus	Maldonadoius	male	26.0	Rome	italy
MMMMMMMMCCCXXXVI	0ac54c11-f3be-44e1-95c3-2a27421def06	Kelly	Pirtleius	f	24.0	Paris	france
MMMMMMMCMLXXXII	ac607ed2-137e-47ef-ac87-c283be793c0d	Gregoryus	Harrisius	male	24.0	Vienna	austria
MMMMCCXXXVI	082d2de1-fc20-4ff6-9e4e-4bbb4bd3e58f	Donna	Willisius	female	30.0	Zurich	switzerland
MCXXVI	959bb3dc-454f-467e-a947-02d088c38fc7	Samuelus	Priceius	male	325.0	Rome	italy
MMMMMMMDCXXXVIII	45dd2ef5-6c84-40da-abfb-d5b00c885f48	Andrew	Keytius	other	19.0	Trondheim	france
MMMMMMLXXXV	333e2445-6c82-4b11-a618-02d97c47323c	Beverly	Castoius	female	27.0	Bern	switzerland
MMMDCLVII	5d028e78-495d-4798-a6bb-bb3114687529	Dolores	Fritzius	f	23.0	Oulu	switzerland
MMMCCLXXXIX	5b3cd5fc-6ae5-4707-8819-49f4984fc3e2	Donaldus	Wadeius	male	23.0	Vienna	austria
MMMMMMMCCXV	aa86cda2-728f-47ac-ad13-3c84793aaff4	Charlesus	Tylerius	male	390.0	Debrecen	france
MMMDCCL	f835c0d0-a95c-42ba-9a12-1748f7042f77	Justinus	Carterius	male	25.0	Riga	italy
MMDCXL	3a643fdb-5e0a-4297-ab59-10dbe83ca557	Nancy	Lappinius	female	25.0	Marseille	france
MMMMCCCXCV	18c64afe-532e-4056-8297-a6248c5ef26c	Horace	Floresius	m	27.0	Bern	switzerland
MMCMLIII	d3dad9c5-876c-45be-ad84-a1997675a87a	Geneva	Houtius	female	24.0	Rome	italy
MMMMMDCLXXII	f1a3d79d-9d38-4068-9e82-7262a625bcd6	Stuartus	Walkerius	male	25.0	Trondheim	switzerland
MMMMCMXX	e9d051cb-57e9-4a22-aa14-b0ac02a00062	Marica	Medranoius	f	30.0	Paris	france
LI	99881a6f-02f2-4c87-b6a9-0e776c87c282	David	Bottomsius	m	21.0	Milan	italy
MMMMMCMXCVIII	c5b7a475-9307-450e-b6ec-2e9ce4e36220	Walterus	Fultzius	male	29.0	Vienna	austria
MMMMMMMCVIII	c9191652-4f7a-43a2-9b44-1311b9e58d55	Chelsea	Mcbrideius	f	24.0	Marseille	France
MMMMCCCXX	489619a4-66b6-4cf2-8e13-42703c9cfc26	Tosha	Messersmithius	other	24.0	Lausanne	sWITZERLAND
MCLXXXIV	3ea41b9d-c47a-482d-b7d2-371131e6c45f	Judith	Ramirezius	other	22.0	Zurich	switzerland
MCMLXIII	929c5586-2bdc-4ac2-8164-486507998cc6	Terrance	Drahotaius	other	29.0	basel	Switzerland
MMMMMMMMDLXXXV	24a8e205-bf62-4bb7-a12a-b0468aecaaf4	Herbertus	Carverius	male	29.0	Bratislava	sWITZERLAND
MMCCCXXXI	20bc3453-5059-409d-9bf6-72f21b4a969c	Justinus	Mcgeeius	male	27.0	Zurich	switzerland
CDX	1e408547-255b-4798-9398-da538a528f3b	Daniel	Ehrgottius	other	26.0	Trondheim	italy
MMMDCCLXXI	36408a91-fbe2-4ccf-8746-657acd636833	Davidus	Aguileraius	male	32.0	Bern	switzerland
MMMMMMMCMXVII	6fb9e330-448c-446d-b618-94908d63062e	Suzanna	Mcdonaldius	female	27.0	Marseille	france
MMMMMMCMLXVIII	ac722d9b-fbcd-4964-a3b9-f8c9fd4cbbf8	Richardus	Nickelsonius	male	23.0	Lausanne	switzerland
DCCCXX	053862c1-6329-4d27-a3ce-3767a4d2af5b	Linda	Zapataius	female	29.0	zurich	switzerland
MMMMMMMMXIII	1b7207a9-7c92-45e4-9c0d-eb26e61fdcb6	Alena	Brownius	female	31.0	Vienna	austria
MCCXX	fef9909b-ff3d-4867-a53d-81ed12cf18d0	Luigius	Wrightius	male	31.0	Lausanne	switzerland
MMMMMMMCMLXI	3bfd069b-2cd5-412f-a00d-58cf5f1db4a3	Peggy	Philbeckius	other	22.0	Milan	italy
MMMMMCCCXIII	23dff232-1615-4e73-8468-0e0cfcc32704	Normanus	Arnoldius	male	31.0	MILAN	italy
MCCCXLVII	471deef2-eb68-4ace-bc1b-c66c352c5f8d	Tracy	Warrenius	female	28.0	Kosice	france
MMMCMLXXXVI	89b1757b-a165-41a9-8b42-b548f0439693	Melissa	Shawius	f	21.0	Bern	Switzerland
MMMMMXXXI	95938ddf-8498-443f-9015-6b0cd5a8e92a	Ramona	Wrightius	other	36.0	Vienna	austria
MMMMMMMCMXCIV	5f5a081f-a387-4cf3-a27a-8ef3042a1ded	Julia	Nadalius	female	28.0	Basel	switzerland
MMMMMMMDCXXIX	9d41a991-017d-41eb-a5ae-d5ffd08f2d05	Robert	Lindseyius	other	23.0	Marseille	france
MMMMMMMDXIX	af15d31b-4bdc-408a-bb00-2a263c878c91	Angelia	Sutherlandius	female	21.0	Paris	france
MMMMMMCIX	6440aa32-4836-429a-9e5b-aadf7e473595	Scottyus	Quintanaius	male	29.0	Zurich	switzerland
MMMMMMMMMCCLX	374519a1-7cc9-4074-8e93-06cd6f912dbf	Brittany	Martinezius	f	21.0	Paris	fRANCE
MMCDX	f8dbf654-7f0a-4e12-aa86-fd08c8ab2171	Viola	Rodriquezius	f	20.0	Marseille	france
MMMCCLXXXI	f6343bf0-3122-4fd7-aae0-c4277a393fcb	Jamesus	Rodgersius	male	21.0	marseille	france
DCCCL	adb92535-caf1-4559-9170-767defd72453	Edward	Oliverius	other	27.0	Basel	switzerland
MMMMCDXXXII	159a8ebe-8de3-4130-ae6b-883a9f82da8b	Lelia	Dunningtonius	female	26.0	Graz	austria
MMMMMMCMXLIX	73db22cb-045b-4ec5-8129-74fc2fa92514	Joseph	Batchelderius	m	19.0	Innsbruck	AUSTRIA
MMMMMCDLXI	b91731a6-bd12-40a2-8f8b-e95ce906cb8b	David	Poultonius	m	23.0	Trondheim	Austria
MMMMMCCLXXXIX	a6907724-1751-47e5-80dc-bac0b5a9b43a	Dorothea	Wiltfongius	f	31.0	Milan	italy
MMMMMMMMCDX	87df1333-5622-4ec2-9fe5-48a2b4da2c94	Diane	Montgomeryius	female	22.0	Geneva	sWITZERLAND
MMMMMMDCCCXIV	7e421be6-dcca-4326-bff0-f66b987f1524	Charlesus	Kawamuraius	male	23.0	Paris	france
MMMMMMMMCDLXX	8fa95ef0-f79a-490c-aa94-6b186b4137fc	Jaime	Frazierius	f	23.0	Vienna	AUSTRIA
MMMMMCIX	b6b1f1a0-9d9e-4d9f-a7ee-fd7a4cab520c	Kennethus	Lopezius	male	29.0	Vienna	austria
MMMMMMMCCXIV	327c76ac-91bb-4a2e-b2a2-d56dec84c4fe	Robertus	Viesselmanius	male	34.0	Naples	ITALY
MMMMCMXLVIII	97003d62-c030-4fbb-8433-a1caac074997	Kellyus	Pottsius	male	23.0	Naples	italy
MMMMMMMMDLIII	56a102cb-7938-41a1-9c5e-20288c45fdd0	Melissa	Owensius	f	25.0	Trondheim	France
MMMMMMLV	72f09714-aacb-4ade-bcb3-91edbfdd6b3d	Danielus	Fineius	male	21.0	Los Angeles	italy
MMMMMMMDCCXLVII	f87d5a12-a88a-4223-a00b-b330ad233460	Alvin	Channeyius	m	29.0	MARSEILLE	france
MMMMMMMMDCCXXIII	6fc9a0a4-8368-4c41-a03e-0f5ac2eaf6c9	Dwight	Robertsonius	m	31.0	Rome	italy
DLXXXVI	32eacc86-ea2a-4bea-8b03-285828cdd8d1	Terry	Arthurius	other	21.0	Los Angeles	switzerland
MMMCLXXXVIII	a9f45496-e5ab-4b83-837d-f8ce8afa99d1	Mozelle	Williamsius	f	27.0	Geneva	SWITZERLAND
MMLXIII	f91859bb-941a-4168-920f-375e2b069600	Nigelus	Kentius	male	22.0	Trondheim	austria
MMMMMMMDCCLXII	d43d4382-d489-4377-937d-8872324c8c80	Rodneyus	Richardius	male	27.0	Milan	italy
MMMMMDCCCXXIV	8a531f78-f72c-4c49-aca1-55bf1e51274c	Wesleyus	Moxleyius	male	18.0	Trondheim	austria
MMMLXXI	90e61790-dee6-4336-8812-113704501494	Julie	Freemanius	f	27.0	Naples	italy
DLXXI	4dfc1212-d61c-4dee-9051-ad6faf534c95	Ronnieus	Wrightius	male	27.0	Basel	switzerland
MMMMMMMMCXCVII	26287689-0d0d-4d22-934d-4d401c0c00af	James	Corbettius	m	26.0	Graz	austria
MMDXXVIII	28ce9f6b-72dd-411e-8188-7e8a019b98bc	Micahus	Roblesius	male	26.0	Plzen	switzerland
MMMMMMMMDCCCXXIX	41a9d8d7-a176-4015-a9ba-037ef9263ae4	Barbara	Edwardsius	female	21.0	Innsbruck	austria
MMMMMMDCCCVI	a9c4c371-1107-4444-b3d2-5b917ff25857	Cliffordus	Abeytaius	male	19.0	Trondheim	switzerland
MMMMCCCXVI	eb50bae7-4bbc-49f5-a410-c2dc55fb586e	Clara	Walckius	female	22.0	Bern	switzerland
MMMCCXXXI	26628cd8-d9b8-4010-a969-4aac70deef79	Brianus	Toppingius	male	20.0	Graz	austria
MMMMMDXXXIV	74f4e174-1561-48b7-85f1-ced6d5b28e2d	Darylus	Gatlingius	male	21.0	Geneva	switzerland
MMMMMMMCMV	f4d6f55e-c236-4dc6-b6cc-6b68e79d1b7a	Ernestus	Mooneyius	male	24.0	Naples	italy
DLXX	7c2392ac-1974-47e0-b2b1-95cfb198d832	Andrew	Koesterius	m	28.0	Liepaja	austria
MMMMMMMCCCLXXIV	bc9a9b9e-aed2-4c78-b044-42f7d1cb4be5	Quinn	Mcmullenius	female	30.0	Rome	italy
MMMMLXXIV	8317ec07-ce99-4247-9f68-e28e0e8d5f1e	Franciscous	Mckenzieius	male	23.0	Naples	ITALY
MMMMMMDCCVII	ee423b3c-79ca-419b-b745-30a4924cd3db	Stephanie	Burtonius	other	22.0	Trondheim	austria
MXX	0805518e-7b4d-4fa9-8081-8f5c198404a3	Debra	Gageius	female	25.0	basel	sWITZERLAND
MMMMDLVI	36d4f08b-1f78-4cc9-b887-b6a2193ef30a	Williamus	Obrienius	male	29.0	Naples	italy
MMMMMMDCCCXXVII	af9c1f2d-30be-4710-ad44-09767247e27c	Geraldus	Rexrodeius	male	32.0	Marseille	france
CMLXVI	5bb7214a-46f7-4696-ba7f-5441d2d881bc	Ofelia	Raderius	female	20.0	graz	Austria
MMMMCCCXXXVII	a35971fc-38a3-4133-96d2-d4eb193d04e8	Jermaineus	Carterius	male	31.0	Geneva	switzerland
MLXXIX	8e67ba82-321b-45bc-9360-b017552620fb	Jessica	Morrisius	female	23.0	Trondheim	france
MMMMDCCCLIII	d5e20cc8-0562-4eb2-84ab-f30e49ea7e3e	Bobby	Myersius	m	18.0	Innsbruck	austria
MDCCCLXIII	4225dad7-f799-41bb-8471-fd9b0901dc23	Alissa	Goffius	female	22.0	Trondheim	italy
MMMMMMMCXCVIII	2d782cc4-ecaa-4968-8480-9aeaff158e40	Eugeneus	Smithius	male	27.0	Oulu	austria
MCCXXX	6fc8e8fd-c19d-4a09-ab99-afe431e87ff9	William	Campbellius	other	26.0	Zurich	switzerland
MMMCDXVI	b517094a-7749-46dd-bd78-7b169e2e2356	Jennifer	Davisius	female	24.0	Marseille	FRANCE
MMMMMCDXLIV	f752a94b-8c01-4d10-b2bb-a67fe547705f	Gabriella	Johnsonius	f	31.0	Lausanne	switzerland
MMMDCCXVII	423ef94d-429d-4b07-86bf-32065178dc06	Octavia	Heffernius	female	28.0	Innsbruck	austria
MMDCCXLVIII	0db239b0-2719-45bf-8d8f-c3edbd17e049	Kristi	Hammondius	female	32.0	Vienna	austria
MMDCCCXCVI	495b819a-af33-4fef-bee1-70c8277d531b	Darrelus	Youngius	male	29.0	Graz	austria
MMMMMMCCLXXX	c1ae1539-d3d2-4543-8896-dfd7f478c460	David	Brileyius	m	21.0	Lausanne	switzerland
MMMMMMMMMDCLV	e0843c8e-005f-4811-91f6-38bbb13e4378	Williamus	Sheffieldius	male	24.0	Rome	Italy
MDCLVII	3184ec77-15e6-4ba7-9eeb-de747e66027e	Jerry	Thomasius	other	32.0	Innsbruck	Austria
DCCXXIV	781582b9-c359-44dc-8502-d778c04eb627	Edward	Hardemanius	m	21.0	Rome	italy
MMMMMCCCXXXII	fb3ebbbf-682f-4dca-8050-29d601a031bd	Willieus	Brennemanius	male	30.0	Marseille	france
MCMLIX	c26f1545-8f62-40d6-9441-59e64c48409e	Andrew	Brennanius	m	286.0	Paris	france
DXX	d0e624fc-dde6-4466-8fec-f9114c9427e6	Billyus	Casperius	male	22.0	Montreal	switzerland
MMMMMMMMMCDLXXVI	4378f447-e6c1-4aa1-b5b4-93f8167f1500	Jason	Deelius	m	22.0	Lausanne	switzerland
MMDCCXIX	2a1973f0-572c-4a4c-9516-d1f4200d0701	Danielus	Witherspoonius	male	22.0	Vienna	AUSTRIA
MMMMMDCVII	e9a91d7b-fae1-4bcc-b0cc-6e1a92c961f3	Christie	Verleyius	other	20.0	Basel	switzerland
MMCMXLI	655a6fc7-4c2e-43ec-9d3b-f30ae6c83bcc	Debra	Briggsius	female	20.0	BASEL	switzerland
MMMMMII	6076819d-b4e9-4435-8e48-8a80c86c8061	Thomas	Whittinghamius	m	23.0	geneva	switzerland
MMMMCXVIII	24bdc257-2132-4343-b6fe-daae711f6e37	Gloria	Clarkius	other	26.0	BERN	switzerland
MMMMMMMMCCCLXXI	3f12e62e-5cd3-4dce-b80f-5a7737c0fe48	Marcus	Jonesius	m	24.0	Naples	italy
MMMMDCCCXLVII	2df89a4f-718e-4b52-8f7b-4d1905173461	Jackie	Barocioius	female	25.0	Aarhus	switzerland
MMDCCLXXX	368d4824-1d5d-484b-9178-57e7bb12d0a2	Margaret	Johnsonius	female	21.0	Geneva	switzerland
MMDCCXXXVII	bf37ab75-998c-4651-bce6-b18cd5668f6f	Wilma	Marianoius	f	22.0	Vienna	austria
MMMMMMMMMDX	4812b60c-6130-40e2-8e5a-3103afd3b2ff	Martinus	Hummelius	male	21.0	Lausanne	Switzerland
MMMMDCLXXVI	d7cedf18-cd8e-4c5f-9281-79dacd3ba3cc	Elaine	Johnsonius	female	28.0	Marseille	FRANCE
MMMCMXXXV	9bb7de93-ea0c-4944-b55d-28ac7e71cdf9	Donaldus	Renningerius	male	20.0	Vienna	austria
MMMDCCCLXXXIV	b213e00d-e5a5-4221-bbf4-820437f6165a	Cheryl	Zimmermanius	female	33.0	Geneva	switzerland
MMMMMMMDCCLXXIV	dec926d7-2138-460d-85c0-ea62ad7bd8ad	Nicholasus	Hensonius	male	24.0	Marseille	france
MMMDVIII	ca05bc19-f4f1-4f8e-9ca7-c03b18109d78	Robertus	Peckius	male	20.0	Bern	switzerland
MMMMMMMMDCXCII	5c819be0-8b69-48e8-97ab-910d9c75a1a0	Bryant	Jamesius	m	27.0	Marseille	fRANCE
MCMXCIV	54d123c1-c960-421b-9712-89492483bc27	Hazel	Willisius	female	28.0	Naples	italy
MMCCCXLIII	11fe4756-e2ec-4bbe-98e9-0c8314c5b4b8	Stanleyus	Leblancius	male	18.0	Vienna	austria
MMMMMMMMDCCLX	f8a8be4b-c63c-447f-bb9f-928502c2b68e	Virginia	Cliftonius	female	24.0	Rome	italy
MMMMMMMMMDCCLXXXII	9978d21e-0b0f-4b65-b571-ad3ff01d45ae	Williamus	Mcneilius	male	260.0	Graz	Austria
MMMMMCDXXIV	af1b1956-7ed1-4483-977a-965ef4c7a1a4	Kenneth	Leeius	other	30.0	Bern	switzerland
MCCCXXXVIII	dff74475-e9dc-4149-be8f-c5be5ef8eac4	Frederickus	Raneyius	male	21.0	Naples	italy
MMMMMMCCCLXX	118fe97a-c0ab-46ec-b9a7-ef09da43f922	Dorothy	Donohoius	female	29.0	PARIS	FRANCE
MMMCCLXIII	0204b45b-e17f-4eb0-93b5-6f2686dc5782	Katie	Fiskius	female	25.0	Zurich	switzerland
MMXC	9722203a-6e0d-4224-bdd5-d0a513c975fd	Lance	Bornius	other	28.0	Bern	switzerland
MMMMDCCXCIII	a3cc2c08-f30d-4977-b530-7aa266180e43	Jesusus	Gerberius	male	30.0	Graz	austria
MMMMMCXLIV	55338d1b-4c4f-4172-8807-5cf1174823d8	Deborah	Leius	female	18.0	Rome	ITALY
MDLXIII	256d6b05-9a04-4a40-be44-73ea11e40a42	Laura	Demarcoius	female	31.0	Bern	SWITZERLAND
MMMMMMMCMII	f70cf86e-cfc7-4466-827f-eef7fc33c501	Pamela	Gravesius	female	23.0	Geneva	switzerland
MMMMMMCXLIX	f90bb9a4-df75-407e-be37-4017367c70dd	Kevinus	Perezius	male	22.0	Trondheim	switzerland
MDCCLV	7f6d033b-28bb-4cc9-908b-9724691316ba	Josephus	Rohanius	male	25.0	Rome	italy
MMMMLX	50de3cf8-ed5a-4336-8133-2becad9cf1d5	Kelli	Frisbieius	female	26.0	Omsk	italy
MMMMMMMCLXXVI	17ef6ae5-f9d5-46b5-ad3d-981d45413a1d	Carolyn	Harrisius	female	31.0	basel	switzerland
MMDI	154f703b-a8d3-49a5-8148-c01469191e1e	Traci	Brownius	female	30.0	Kharkiv	AUSTRIA
MMMDXVIII	67f95027-7242-4bcd-93d0-2273d0831f27	Haroldus	Lauriaius	male	25.0	Basel	switzerland
MMMMMMCDLXXXI	75029984-f028-43ac-865d-46bea8e02c3a	Anthonyus	Hallius	male	20.0	Paris	fRANCE
MMMMMMMMXCVIII	b98ba68e-72ab-4a14-a734-043bb474430e	Stella	Kinyonius	f	28.0	Vienna	austria
MMMMMMCCXI	ff86ecc9-0228-464c-b7a2-04d7bc245e99	Benjamin	Woomerius	m	28.0	NAPLES	italy
MMMMMMMMDCCI	779dd31c-ea6a-4b25-8920-3f19358e51aa	Charlesus	Oddoius	male	21.0	Paris	france
DCXVII	4876d99e-bc7b-471d-a6d8-a87592fc1fa4	Clarkus	Petersonius	male	31.0	Innsbruck	austria
MMMMMMMMMCCLXXVIII	d12990af-17ff-4219-a0dd-b6929d82800f	Carolyn	Dolsius	female	23.0	Geneva	switzerland
MMCMLXXVII	94c635b0-ba8a-4bad-b026-093405527be4	Jessie	Greenius	female	34.0	milan	Italy
MDCXLVI	ade1d475-592f-4d70-9fd9-5a0815bfcf44	Perry	Melendezius	m	21.0	Munich	austria
MMMMMMMXCIX	4117fdae-0a9d-4f11-a4e1-eae829448af9	Michell	Forehandius	f	33.0	Basel	switzerland
MMMMDLXIX	3993b2d9-6f5a-4265-82e2-d15497cd10ed	Jamesus	Dueberius	male	33.0	Innsbruck	austria
MMMMMCMLXV	8da0c78f-8b57-4129-8882-ff4c11dbc87e	Margaret	Smithius	other	29.0	Paris	france
MMMMMMMMMXCI	a2b602e3-59ab-4afd-b720-248df3e21ac5	Scottus	Lichlyterius	male	26.0	Calgary	switzerland
CCCXVII	5bce9928-5d12-4748-a2a8-3c8668c87c39	Andrew	Norrisius	m	18.0	Vienna	Austria
DCCCXI	971ad425-5c60-461e-8396-8796abf5699d	Catherine	Londonius	female	29.0	Bern	switzerland
MMMMMMMCCXLII	6e65d8a9-285b-4b7f-b275-a33e6b463d46	Scottus	Rickettsius	male	30.0	Vienna	austria
MDCCXXXVII	d9d6ce79-b336-4cd6-ad83-766092412f95	Robertous	Golightlyius	male	27.0	Naples	italy
MDCCXX	1494a400-3007-4d4d-8b94-fe75a80dbe47	Brittany	Wongius	female	29.0	Lausanne	switzerland
MDCXXXIV	d71e4208-5809-4c61-b356-39f431652e32	Maryann	Vitaleius	f	24.0	Saint Petersburg	switzerland
MMMMMMMCCL	beaf5313-33b5-458e-b8f0-8188ccbd50dd	James	Ochoaius	m	24.0	Trondheim	italy
MMMMMCCCLIX	b468b2fd-a19a-44f4-be8a-d93e6c6b98bb	Annette	Tupperius	female	19.0	Helsinki	switzerland
MMMMCCXCV	7a466196-7b46-45ac-b9c9-17ca49fe1bd5	Brianna	Kahrsius	f	30.0	Marseille	france
MMMMCCCLXXXVII	73afeb94-ed40-4fad-a3f4-91e171edde40	Christopherus	Johnsonius	male	28.0	Naples	italy
MMMMCDXXXIX	d0790712-c8c2-42f8-8a95-b49df1ef0ed9	Raymond	Cristius	m	24.0	Innsbruck	austria
MMMMMMMMMLXXXV	8f619f67-a62d-4203-a063-b6676ff94ce0	Melanie	Sandersius	female	23.0	sochi	Austria
MMMXCVIII	0e756542-1555-4c89-8d8d-8fc7d841f7ef	Gerard	Mendozaius	m	19.0	Zurich	switzerland
MMMMMMMMMCLXXXV	d6464308-e398-4926-83f0-d6976967af2c	James	Myrickius	m	20.0	Geneva	switzerland
MMMMDCCXLIX	b652ccc4-e3de-40b9-8435-33670b09940d	Efrainus	Kleinius	male	18.0	Basel	sWITZERLAND
MMCCLXXXV	44874837-9fb0-4b23-a70c-e79bb69f0211	Lawrence	Ganglerius	m	30.0	Rome	Italy
MMMMMMMMMCDLXXXVIII	2b083049-fb37-4284-bb71-b5065f5a854e	Deborah	Hillardius	f	28.0	Rome	italy
MMMMMMDXXXVIII	5f40b82f-50cd-49b4-8c95-709223ad7f56	Cynthia	Goffius	female	24.0	Innsbruck	austria
MCMLXXX	f08dec50-3756-4759-8fb7-34d51ae356b1	Nicolasus	Robinsonius	male	27.0	Lausanne	switzerland
MMMMMCDXXXI	30e96048-75e7-4f14-80f9-f2aecf47028d	Bennyus	Ebertius	male	21.0	marseille	france
MMMMMMCCLI	2555041d-d03f-48b7-9dbd-efd059cf9137	Arthur	Stephensius	other	30.0	Paris	france
MMMMMMMMDCCCXLII	b1299479-6fe1-452c-9a36-ec73e7cb7c80	Sandra	Betancourtius	female	19.0	Kharkiv	switzerland
MMMMMMMMXXII	b925ad17-8792-4d70-8c65-ee2772dd0e01	Gloria	Merrillius	f	22.0	Innsbruck	austria
MMMMMMDLXIII	80bcd470-56f5-4638-a5f8-52ea41c4fd7b	Ralphus	Allenius	male	26.0	Vienna	AUSTRIA
MMMCMLXVI	a17aa2d9-4698-4270-81aa-cfbb6cab04a9	Margarita	Christianius	female	27.0	Basel	sWITZERLAND
MMMMMMMMMDCCLXXVII	e55bb3be-635e-47f0-872b-0db376594cb8	Holly	Snoverius	female	19.0	Copenhagen	switzerland
MMMMMMMCDLXXX	e002b56b-910e-4e36-8824-833dbe63cfd1	Clarenceus	Dunkinius	male	25.0	MILAN	italy
MMMMCCCV	3096ec60-cd0c-4962-87e6-f4fc02c2c5c2	Debra	Martinius	female	25.0	Graz	austria
MMMMMMMDCLXXXII	56ac10b1-09b0-4de6-a438-bdccb90c4805	Josephus	Jacobsonius	male	26.0	Aarhus	SWITZERLAND
MMMCCCXXXIX	380b4d12-746c-4fb7-8475-76b4d935c3ac	Pedrous	Burkeius	male	29.0	lausanne	sWITZERLAND
MMMMCCXCVIII	26426bcd-074a-46c6-9690-973ffed910ba	Gilda	Hammondius	f	30.0	marseille	france
DCXCI	91091780-9ebf-4124-8e63-8d9593a53141	Debbie	Dicksius	female	22.0	graz	austria
MMMMMMMMDCCC	691b6d75-3632-4169-a955-347fdb01a438	Josephus	Cornwellius	male	29.0	Zurich	switzerland
MDCCCXXXIII	b6630c8e-d17c-4e1b-83e9-ebe88a95c847	Joann	Tusseyius	other	26.0	Paris	france
MMMMMMMMDXXIV	e1d15dd1-86de-4291-afba-1efc0e85f323	Georgeus	Fortinius	male	24.0	lausanne	sWITZERLAND
MCDXLIX	93a14587-9672-40b0-9cd6-ecdfcc884cce	Georgeus	Bellius	male	26.0	Paris	France
MMMMMMMMXLIX	d6e9f4eb-6f1c-499e-ba91-a88b5d5ba764	Carol	Finleyius	other	20.0	Paris	france
MMMMMMMDCCCXLII	c6dd2809-24af-4434-902f-f7f65b6653c0	Monica	Harrisius	female	29.0	Marseille	france
MCCCXIX	5dcc5774-a33b-4b04-b137-b05c0d40fb51	Laura	Hutchersonius	f	22.0	Innsbruck	austria
MMXXIV	e68fc636-c7cd-4680-8d0a-c0b7dab891d8	Ashley	Landfordius	female	351.0	Naples	italy
MMMMMCMXLII	a64b0457-6da6-484e-9dd0-1ca27db70eea	Jamesus	Cutlipius	male	20.0	Lausanne	switzerland
MMMMMMMMMDCCLXXXIII	135a9837-07da-4ceb-b1c7-f83477b9b3bb	Tracy	Mooreius	f	19.0	Bern	switzerland
MMDCCXXX	ff0115fa-0ae8-4da3-aefd-cb1f6e3635f8	Andrewus	Saycoius	male	23.0	lausanne	Switzerland
MMMMMMDCCCLXXX	948293e9-1334-48c9-aa0d-94923f6e3487	Chantelle	Brownius	female	20.0	Geneva	switzerland
DCIV	d88aef60-105c-496a-ac74-c73a0d50d7e2	Gilbertus	Nortonius	male	26.0	Milan	italy
MMMMMMMDCCXLVIII	734a4834-555b-44cc-b247-1639aa7e47e6	Esther	Colemanius	female	26.0	Paris	france
MMMMMMMMCXXIII	d24c4e61-b53e-4d9e-9433-cab303d2d9d4	Robert	Leeius	other	22.0	Marseille	france
MCLXVII	dd63ccaa-0d54-4a16-94c5-58ffe67eae3f	Dennisus	Smithius	male	21.0	Basel	switzerland
MMMMMMMMDLXVI	7d8cb3aa-2dea-4054-b8c8-58e4f5a5d12e	Bryanus	Prattius	male	28.0	Marseille	france
MMMMMDCCCVI	40520d08-669f-4b6e-a378-0845aaea59ad	Walterus	Urbanskiius	male	18.0	Lausanne	switzerland
CMLXVIII	25b379c8-fa2d-45b4-a1d3-cee66a853bd5	Aurora	Woodcockius	f	31.0	paris	france
CMLXXV	efd17394-ce34-43e7-b26a-c1f7f4e56065	Astrid	Coleius	female	34.0	Marseille	France
MMMMMCDLIV	6e825983-0215-41d0-8d17-29ed31d20077	Charles	Whiteius	other	32.0	Milan	italy
MMMMMMMDXLIV	d5f109b8-1a60-426e-a4cd-f1decfaac7b8	Aurora	Mcgowanius	female	18.0	Trondheim	sWITZERLAND
MMMMMMMCMXXXIX	451af791-a9e5-4465-b480-f005a13dcda4	Norma	Ketchamius	female	27.0	Copenhagen	switzerland
MMMMMMCX	71d6e0bc-afbc-4896-8d4b-8b6bae8f9593	Carrie	Tysonius	female	22.0	Bern	switzerland
MMMDCCXLVII	d1a6a78d-94f4-4085-bb07-a8be04f0abb3	Kathie	Keslerius	f	22.0	Trondheim	austria
MMDCLXVI	5ac4c626-607f-4eba-b47b-8ca181135173	Angela	Pullyius	female	18.0	rome	italy
MMMMMMMMDCXCVI	429b17cc-5956-44cd-9a16-31551c51d193	Margaret	Feketeius	female	24.0	Zurich	switzerland
MMDXLII	b073b678-d22f-447f-9e81-76e958feba78	Louis	Bonnerius	m	24.0	Lausanne	switzerland
MMMMCXLV	7bd4d3fd-de67-445a-8b6d-4b039727dafb	Anita	Mendenhallius	female	28.0	Innsbruck	austria
MMMMMMCCLVIII	f0663748-10da-4f11-a62a-3526708441c8	Patty	Coteius	female	24.0	Innsbruck	austria
MMMMMMMMDCXLIV	f97bba19-ac8c-4e71-b307-48e598252910	Sirena	Dunnius	f	28.0	Vienna	AUSTRIA
MDLVII	d4356f0b-172a-419a-aced-02369bf7c991	Ronaldus	Zuccoius	male	28.0	Graz	austria
MMMMMMCDXXII	bc6df721-d2fe-4aea-bb1d-58d67d37e633	Marty	Woodius	m	26.0	GRAZ	austria
MMMMMCCCLXXII	78f19eee-5431-4c9d-b6d3-cd35f5909da0	Sharon	Williamsius	female	32.0	Milan	italy
MMMMMMMDCLXXV	e3d7b638-a315-47b8-a551-9fa507820e34	Margaret	Martiius	female	25.0	bern	switzerland
MMMMMMMMMDCCCLIII	8d14ab9a-9ea0-4262-b474-833d45d865df	Douglas	Bukhariius	m	28.0	Paris	France
MMMMMMMMX	34b63709-f492-4115-a008-8c8bc11b4c16	Jessica	Hickeyius	f	28.0	Innsbruck	AUSTRIA
MMMMX	b0cf16a9-698a-4970-a243-941dc070c96a	Emmanuel	Sullivanius	other	30.0	milan	italy
MMMMMCLXVII	f4a39a5a-e500-4cb5-a0f7-ab82c2df3ca1	Robertus	Gregoryius	male	25.0	PARIS	fRANCE
MMCLXXXIII	0898fe31-4248-4640-ba0d-465379511822	Lillian	Fordius	female	30.0	Basel	switzerland
MMMMMDCXXXVII	0d159aa4-004b-4aee-9775-96be27fe3efa	Latoya	Nguyenius	female	32.0	Graz	AUSTRIA
MMCMXX	df0a2fc3-7384-4644-b3b1-2e99d2edd6af	Georgeus	Jonesius	male	26.0	Berlin	switzerland
DXCVI	0310483e-a50b-4ed9-98a5-7cd4bfb456cb	Fredrick	Lindsayius	m	22.0	Naples	italy
MMMMMMLXXIX	79681a30-d965-4971-8ba3-f044b49497aa	Ronda	Holmesius	f	21.0	Lausanne	switzerland
MDCXII	3453efe2-c347-4f22-afe6-e1e9b8e30143	Jessie	Doughtieius	f	28.0	Vienna	austria
MMMMCXXX	5dc03af9-36c3-4cac-9d0c-79cd5c77f086	Guadalupe	Stroupius	f	24.0	Lausanne	sWITZERLAND
MMMMMMMCMI	a3037324-9a2d-4e62-ae98-e6bdb5b0d09d	Becky	Mitchellius	female	29.0	Graz	austria
MMMMCCCXVII	e16ca525-4ba6-4367-b5d9-cd0cd4f0484e	Julius	Flanaganius	other	33.0	Marseille	FRANCE
MMMDCLI	0c27004e-a7de-4c35-87cf-259a3257afae	Haroldus	Stephensonius	male	29.0	Basel	sWITZERLAND
CMIII	5a4a24cd-3677-498b-a909-6e0b1cdc31e4	Helen	Arrottius	female	22.0	Trondheim	switzerland
MDXXVII	e729aa11-5a04-4d34-856f-853c3357bf95	Jesusus	Wongius	male	29.0	Geneva	switzerland
MCMLXX	a81fb820-3b4a-44cf-88ea-fdd847b8aa8e	Marcusus	Andersonius	male	20.0	Marseille	france
MMMMMMCMXIV	c2ff3e2b-2a5c-450f-ae38-01f10fe4d3b0	Joshua	Cowlesius	other	25.0	Geneva	switzerland
MMMDCCXX	f2704818-c2a9-4a3c-99c5-c5e093022b86	Aaronus	Martinius	male	21.0	Paris	france
MMMMDCCCLXXI	40db1683-56df-4bca-8f76-18a04ab8f75e	Debra	Johnsonius	female	24.0	Naples	italy
CDLXIX	f4f6682d-f7bf-4140-9008-9936f303a143	Helen	Reyesius	other	19.0	Naples	italy
MMMMMMCMXXIX	f68b0c6e-eff3-40c9-a227-cad0305d4947	Patricia	Trainaius	f	31.0	Marseille	FRANCE
MMMMMMMMMCCCXXI	1ff6a025-b6e5-41bc-9958-0af39eb899ef	Katherine	Knodelius	female	32.0	Tampere	AUSTRIA
MMMMMMMMMDXCVI	3bf4ebf9-3eb0-4a2a-9083-d79bcb12784e	Charlesus	Rogersius	male	23.0	Vienna	austria
MMMCXXII	e28cffeb-01ef-45b7-99ca-1fedea349362	Edgarus	Mcgeeius	male	31.0	Geneva	switzerland
DCCCXXV	24d82810-bcdc-4ca4-a836-83dcaac937b7	Kennethus	Penaius	male	31.0	Paris	france
MMMMMMMCMLXIV	8a966c2c-7832-4a51-9106-75feb5709251	Anthonyus	Shortius	male	19.0	Marseille	france
MMMMMCCVI	c8eccf0e-9c47-4ea5-8d85-ab5fa8c923ed	Andrewus	Flemingius	male	24.0	Basel	switzerland
MMMLVI	6f20d199-0088-45f9-ae6b-34a77a3bc595	Jamesus	Gremoius	male	35.0	Basel	switzerland
MMMMMMDCCLII	fac4b85c-2412-48a3-bbad-9a868ccda30f	Sharon	Fraiseius	female	25.0	Innsbruck	austria
MMMMDCLXXXII	b1efae29-ee33-4fd8-b1d6-06adcedc6a95	Frances	Lebeoufius	f	26.0	Bern	switzerland
MMMMMMCMXXXIX	3dbd8561-eb31-4d47-a176-620f36b9b14c	Clevelandus	Spickardius	male	19.0	Vienna	austria
MMMMMMMDLXXII	11e44bc2-d3ef-4c59-85d8-ca4502dfed9b	Quintinus	Celedonius	male	26.0	Zurich	switzerland
MMMMMCDLXXI	40bc6afa-4b1e-4593-b7d4-5f2d811f7b35	Theodoreus	Cronkius	male	32.0	MARSEILLE	france
MMMMMMMI	e21c21e0-3eb2-4f2c-ba9e-cb811a32d260	Larryus	Munroius	male	29.0	Marseille	france
MDCXX	0b6ccf43-615c-42e1-a548-73f3ff44b00a	Angelina	Smithius	f	21.0	Lausanne	SWITZERLAND
MMMMMMMMXVII	6a12e023-5582-4d67-96be-6deee05417f0	Suzanne	Beldenius	female	20.0	Geneva	switzerland
DLXXVII	d2c09ee9-0ad4-4cd2-84d0-ce5fe8d4a900	Henryus	Maxsonius	male	30.0	Zurich	switzerland
MMMMMMCDVII	aecafb85-a5c4-46d9-86b8-3a5cdf24ee15	Lawrenceus	Merrittius	male	30.0	Bern	switzerland
MMMCCCXCVII	79544a17-3552-472c-8362-0cb221730963	Gilbertus	Weaverius	male	18.0	Paris	France
MDCLXXXVIII	373ce156-dba4-412b-a339-892f6ba3cfe1	Margaret	Millerius	female	24.0	Basel	switzerland
MMMMMMMMMDXCIII	5b1d165b-d9c6-430f-803b-1ba79e7fde82	Gregoryus	Atkinsius	male	20.0	Geneva	switzerland
MMMMMMMMMDCCXCVI	6ea4e0ec-1f65-427a-996d-c5f09d24a724	Michelle	Thomasius	female	32.0	Bratislava	france
MMMMMCMLXXIX	ed49ae37-82fc-44f9-9e14-4a9d7aafea02	Austinus	Ponderius	male	25.0	Geneva	switzerland
MMMMMMMCCCV	1b0c931c-328f-45ae-8e73-f562eec39932	Bobbi	Fortnerius	female	27.0	Marseille	france
MMMMMMCCCLXXXVIII	14dfa4a4-ef95-4896-ab05-14d611c2faa9	Michael	Smithius	other	30.0	Rome	italy
MMCXL	18a0d2ad-278c-4997-861b-fb63b7937026	James	Rivasius	other	24.0	Marseille	france
MMMMMMMMMCMLXXXVIII	4c82e2c1-2ae3-4831-beed-0c7ae7bb05f6	Helen	Dromgooleius	female	23.0	PARIS	france
MMDCCLXXXIV	e0668be7-5d77-4ed4-aa2f-b100cf1c12e5	Nathan	Andersonius	other	23.0	Basel	switzerland
MMMMMMMDCCCLIV	f81647db-61a5-4410-9007-1046cd027aac	Henry	Mcdonaldius	m	20.0	Trondheim	switzerland
MMMMMMMCXLI	925a18a4-e62a-4f0b-b4b1-1c2188bffa20	Angela	Marshius	f	20.0	Trondheim	sWITZERLAND
MMMMMMMMMCXXXIII	316e2c90-c880-4b3d-8963-f2fb30fc92bd	Elena	Wahlertius	female	24.0	Vienna	austria
MMMMMMMCDXX	e30d5f8d-54d5-40d8-9c65-f5746e85676d	Darrenus	Fordius	male	18.0	Marseille	france
MMMMCXVII	00a6a42d-aeec-4242-906d-d56f5d7126ed	Vanessa	Brownius	female	28.0	Graz	austria
MMMMMMLXXVIII	2a51291a-11c7-4483-8599-883da0624fbd	Catherine	Davisius	f	23.0	Rome	italy
MMMMMMMMDCI	687ce2d6-00bf-4b77-8f08-c863233234d4	Rosetta	Kasterius	female	29.0	VIENNA	austria
MMMMMMMMMLV	08ec1dd4-8441-4454-bec1-6f2d6509e829	Davidus	Smithius	male	31.0	Lausanne	switzerland
MMMMCCXXXII	b1782c2a-2980-4a08-bb47-142a22e4467f	Charlesus	Parisius	male	24.0	Innsbruck	austria
MMMMMMCDLXXX	b74d9fcb-9a2b-413c-970d-aa5603f0a5e3	Mabel	Arnoldius	f	37.0	Budapest	switzerland
MMMMMMMMMCMV	0189772a-a5d2-467c-b86c-d178a6f4a96a	Alvinus	Causeyius	male	25.0	Marseille	france
MMMMMMMMDCCLXXXVII	56b26fbb-fb7e-4a7b-a52a-f9cf68944cb3	Octavio	Hallius	m	26.0	turku	france
MMMMMCMXLI	569a1376-f3dc-4014-b99d-64ceda975f77	Sarah	Greenius	female	30.0	rome	Italy
MMCCXIV	f3ca95bf-b9aa-4791-807c-7f9a9c6ea51e	Arlene	Flintius	f	19.0	Omsk	switzerland
MMMMMMMMCMLXXI	788d08d7-0ff9-418b-9e25-b2b73bd486d2	Thomas	Frewius	m	24.0	Lausanne	switzerland
MMDXLIX	8c1132b9-8a5d-4988-be2f-936b665ba3a2	Debra	Austinius	f	26.0	Daugavpils	AUSTRIA
DCCXXXVI	74d2a838-b882-451f-b224-738852bb2111	Betty	Smithius	female	27.0	Zurich	SWITZERLAND
MMCDXLII	21ab93f8-cf8c-47f8-9478-7c04b6bd669a	Betty	Pitzerius	other	24.0	Basel	switzerland
MCCXXV	bf09f026-7f45-4cbe-adbf-37ca58a6225f	Robertus	Noonanius	male	18.0	Paris	france
MCCXLIII	3bf81cc5-bef4-4c81-9864-931e5affdaac	Wallaceus	Defreitasius	male	18.0	Zurich	switzerland
MMMMMCMLVII	5ad400a3-2530-4104-b5d0-4db3b671859d	George	Ybarraius	other	26.0	Geneva	sWITZERLAND
MMMMMMMMXXXV	d1c9ae0c-4a0c-4762-9545-a22bf298221e	Kevinus	Edwardsius	male	18.0	Milan	italy
MMCDXII	b5e3babd-d7d0-496a-94aa-88ebd6e0eab0	Carmen	Smithius	female	29.0	Basel	switzerland
MMMMMMMMMDCC	d10deb0d-fab9-4da5-93be-172904f9e15b	Jermaineus	Bennettius	male	23.0	Trondheim	switzerland
MMMMMMCVIII	fce0cb73-bb8c-46aa-9b32-26c86abefca2	Williamus	Lorussoius	male	19.0	Milan	italy
MMMMMMMDCCCLXXXVIII	52cb42d9-7292-4557-aa2f-c51557c30114	George	Johnsonius	other	19.0	Trondheim	france
MMMMMMMCDXCVIII	cb7a53cd-03ed-4dcb-b724-9edc24dd74cd	Izetta	Sheltonius	female	37.0	Rome	ITALY
MMMMMMMMMDLVII	86f111a3-96c5-4c36-bf33-4e890640e3f1	Rafael	Rudasillius	m	30.0	Bern	switzerland
MMMMMMMMMCMIV	c4c63124-0ffe-4fe4-9fb9-69e9280c7538	Jonathanus	Sackettius	male	29.0	PARIS	france
MMMMMMMMMCDLXXXVII	82666fd6-debd-4cba-8b88-c759a1b6f55a	Tamera	Palermoius	other	34.0	Rome	italy
MMMMMMMMCMLXXXIII	d6b5a72c-5aa8-4fbf-be99-b5fce6d83e13	Gloria	Watsonius	female	27.0	Celje	switzerland
MDCCXLI	0e0dd929-c865-4cf2-840b-90f1254e351e	Michaelus	Bradfordius	male	27.0	Marseille	FRANCE
MMMMMMMMCCCXXXVIII	d667db01-dd8a-406d-b9ce-4e0edd2b23bd	Pauline	Greeneius	female	22.0	Bern	switzerland
MMMMMMMMCCCXVI	22fc1364-6231-480d-a341-776dde0308e6	Travis	Haydenius	m	34.0	Bern	switzerland
MCMXLIII	8a3a3a7b-6c6d-402a-ae1a-2b38261bee3f	Linda	Boyleius	female	28.0	Marseille	FRANCE
MMMMMMMCX	0e1d0b98-f807-4760-bfb7-9b1e7254e1fc	David	Moseleyius	other	25.0	rome	ITALY
MMMMCCXXXI	73cdb95c-27ed-4a2c-98ef-f323a53ef5a8	Elizabeth	Dyerius	female	21.0	Trondheim	austria
MMMMCCCXLI	b4e0fa17-22e9-4ee6-989b-88ff3b813f60	Jennifer	Mckameyius	female	29.0	Naples	italy
MMMMDCCXXI	46e530da-e8c9-4cf4-9525-0705a0392210	Willisus	Elwellius	male	34.0	Paris	france
MMMMDCCLXV	7cf6bac7-9719-4f04-bae8-f51fe9262f2d	Robertus	Raperius	male	29.0	Paris	france
DCCXXVIII	bae1b4eb-4043-45c3-821a-800397bd1e3b	Sherita	Millsius	female	27.0	Vienna	austria
MMMMMMMMDXXXV	20d72090-b968-4a8f-aec5-076aaeb671c7	Shelley	Williamsius	female	29.0	Zurich	switzerland
MMMCMLXXXII	496e4829-215d-4a49-8993-603335cdd864	Charlesus	Dudleyius	male	24.0	Rome	italy
MMDLV	1d88d436-6b7f-4422-91f8-d61299949e21	Jacquline	Mosbyius	female	24.0	Marseille	France
MMMMMMMCMXIX	7f4699fb-f3d1-426e-8952-728dfcfb8e1d	Willieus	Provostius	male	25.0	Marseille	france
MMMMMMCDLXXXVI	dab204e1-6620-4493-84af-468c93856ddb	Catherine	Wallenius	female	24.0	Zurich	france
MMMMMMMCDIII	1e0230ae-dd19-4530-b898-5c1f2080b659	Rebecca	Crowleyius	other	24.0	Marseille	france
CLI	026d7e98-900a-4c36-bb7d-0e84f98ae0f7	Sheena	Hansenius	female	19.0	INNSBRUCK	austria
MMMMMDXXVI	61b6ac71-e1ea-41f1-a866-42a0f33cc5fc	Manda	Oswaldius	female	25.0	Vienna	austria
MMMDCXCIV	930221e0-6a02-4624-805f-8c860976156f	Richardus	Combsius	male	22.0	Rome	italy
MMCCLXII	2f1cd0fe-8a90-486e-b4cd-cb2d4e8d9c92	Lewisus	Vanderlindenius	male	27.0	Lausanne	switzerland
MMMMMMMDCLXII	21be71d5-5746-41c2-a189-ce7624d20275	Chaseus	Martinius	male	25.0	Copenhagen	switzerland
MMCDXXXIX	1aedba5f-7ba0-407c-99f9-8c2e0a088d24	Retha	Arzolaius	female	26.0	Innsbruck	austria
MMMMMMDCCXIX	04435124-8cc4-4305-aa45-e99a8bf62517	Martha	Gallagherius	other	25.0	Marseille	france
MMMMDCXL	000c8733-172f-47fe-adcd-e1d5e27aad99	Calvin	Hoytius	other	22.0	Lausanne	SWITZERLAND
MMMLXXIV	0997f2d1-c323-434c-80bc-9ab7f57197f8	Arnoldus	Huslanderius	male	32.0	cologne	france
MCMLXXXII	ff7e4294-2004-44f0-abab-b670f978fae0	Philip	Baimaius	m	21.0	Bern	switzerland
MMMMMMMMCMXCV	fd992471-a937-4723-92a6-9ae5312a54fa	Kathy	Giannavolaius	f	24.0	GRAZ	austria
MMMDCCCLXIX	c13e9bd4-d8df-410f-b407-8afc7aee42ae	Matthewus	Gilletteius	male	25.0	Rome	switzerland
CMLXXXI	bfa94f80-330a-4d46-8c5f-b0944c686b7a	Barbara	Robertsius	female	26.0	Naples	italy
MMMMMMMMCCCXII	aba63966-61e0-428b-a980-78780d36a8f2	Roxanne	Appleius	female	25.0	Innsbruck	austria
MMMMMXXVII	7bf97866-94dd-4958-8bc2-1530763e25c8	Annis	Hoganius	female	21.0	Trondheim	france
MMCDXXIII	5042a27a-b7c5-4b73-ac19-d335f0785d49	Norma	Geraldsius	female	20.0	Vienna	Austria
MMMMMMMCCCLXIX	5725f223-64f0-4ce9-8a38-24da7a0fb91b	Ronaldus	Willsonius	male	21.0	Paris	france
MMMMMMCMLXI	7433947a-d2bf-4b18-95f9-1312ef3299d6	Frankus	Dickinsonius	male	26.0	Vienna	austria
MMMMMCDXXVII	efd89edf-9306-4002-af82-5d6b6cfc1879	Normandus	Hastingsius	male	24.0	Trondheim	switzerland
CXCVI	5f2fd547-fc5f-4e21-903b-88a85cdf5336	Aaronus	Cunananius	male	30.0	Geneva	switzerland
MCDIX	a74bf3b4-d862-49b8-9419-eb793c169773	Bonnie	Lovettius	female	23.0	Basel	SWITZERLAND
MMMMMMDLXVI	6201347d-8a67-43de-bef6-bcf61f1c420d	Ashley	Gilesius	female	26.0	zurich	switzerland
MMMMMMCMLXXXIII	3555d8d5-462f-4f5a-a050-f44c4e0aad46	Wendy	Haleius	female	26.0	Zurich	switzerland
MMMMMMMMMCDLVI	abb6a414-87c4-4c3d-9923-2d337eabbf92	Jessie	Linesius	female	22.0	Naples	italy
MMMMMMMMMXXII	3b292c82-149a-4c16-a6f4-0fc45f24f1d6	Annie	Henryius	female	18.0	Lausanne	switzerland
MMMMMMCCXCVIII	80ddf9db-e717-4221-bdb4-133f4247b243	Katie	Mcintyreius	other	28.0	Rotterdam	austria
MMMMMMMDXCIV	52d0e112-fd4e-43c6-8a80-a4b93cbe4696	Janice	Millerius	f	37.0	Milan	italy
MMMMLXXIII	3887a86e-10cb-4f64-beb5-d545679257d8	Henryus	Cowanius	male	25.0	Trondheim	france
MMMMMMMMDCCCXLI	f985fc92-33b7-4d57-a37e-2e474e5407ec	Randyus	Archeyius	male	22.0	GENEVA	switzerland
MDCCCXIV	c35dedb6-c390-4faf-b648-84134ed117e8	Justin	Paulius	other	26.0	Marseille	france
MMMMCLV	72ae351b-0eef-43e7-b599-a6be059762d9	Tressie	Carrousalius	female	29.0	Rome	italy
MMMMMCCCXXVII	2c0a4845-acb8-41d7-9ab5-a33c28af50c8	Jacqueline	Reuterius	female	24.0	Graz	austria
MMMMMMMMCCCL	602b8319-61d0-4567-b7f0-3a5fb4d90549	Helen	Dixonius	other	20.0	Helsinki	Switzerland
MMMMMMMDCCLXVII	7dcb3a09-8327-4132-8c8c-da123810d3ae	Jamesus	Hesterius	male	20.0	Basel	Switzerland
MMMMMDCXLVI	f8045f31-33dc-4926-a004-730da1c9c123	Sheri	Phillipsius	female	30.0	Vienna	austria
MMMDCCCLIV	6feaf886-3af1-44e4-9a93-0c74967ae9be	Jerryus	Stahlmanius	male	25.0	LAUSANNE	sWITZERLAND
MCXXVIII	4f253d84-96cc-418a-997e-443555fd92ff	Martha	Crookius	female	25.0	paris	switzerland
MMV	b801bce1-9076-4b9b-9dac-51bc4d7eaa51	Jamesus	Molinaius	male	21.0	Graz	austria
MMDCCCXXVI	24141cac-3574-463a-93a2-7754b7c7c311	Abdulus	Hambyius	male	24.0	Vienna	Austria
MMMMMMMCMIII	74c438cb-c29b-4faa-ae63-6ebdd5964fa6	Taryn	Whiteius	female	23.0	Marseille	FRANCE
MMMCCCLIII	e92de12e-ac91-4397-b439-e5f4ff8226fa	Wallaceus	Egbertius	male	30.0	Lausanne	switzerland
MMMMMMMMDCCCXII	1dc19d1c-9860-4d98-82b2-9d489440474b	Donaldus	Ellisius	male	23.0	Innsbruck	France
MMMMMMCMLXXV	b590bb28-4a62-49d6-b0f2-0211b1cbdad3	Davidus	Bracyius	male	30.0	Basel	switzerland
MMMMCMXIV	69e21f7e-37a6-4dc5-9e5a-fd4637982a73	Mildred	Buenoius	f	24.0	Innsbruck	austria
MMMMMCDXXXV	61e536da-cd7b-41e2-85da-41dd0dba56e9	Rachel	Chaffinsius	f	25.0	Kyiv	switzerland
MMDCLXXXI	01e1169d-113b-40ae-b119-34d2b0a5b991	Joseph	Ollerius	m	21.0	Geneva	switzerland
MMMMMMMMMCXLI	7fe1726e-39d7-4083-948e-1485638bcad9	Williamus	Weberius	male	23.0	Vienna	austria
DLXXXV	404ca6a3-3336-4712-9861-14b7951c6f38	Joyce	Peresius	female	23.0	GRAZ	austria
MMCCXCIX	1547927b-8bfe-47b1-8328-8e9253d6dae9	Deborah	Taylorius	f	24.0	Geneva	switzerland
CMXLI	7640de82-26fa-4cce-bece-8288afa666c5	Bryanus	Gardinerius	male	30.0	Graz	AUSTRIA
MMMMMMMMMCLVII	2476daf0-1e44-4cc0-9bc0-ba477a455756	Jorgeus	Huslanderius	male	35.0	Marseille	france
MMMMMMMMDLXXIX	b8fd25f4-b0ad-4d6b-9bea-e2f8c6d6e88f	Kathleen	Cunninghamius	female	18.0	Geneva	switzerland
MMMMMMMMMCMXLIII	fff9cb4a-a30a-4e96-ba14-61f51a8c291e	Steveus	Bartonius	male	33.0	Lausanne	switzerland
CDLXXXVI	72037905-d6e1-4cf4-90fb-3a03498ecb28	Timothy	Clinchius	m	25.0	Vienna	austria
MMMMMMMCLXI	ea07395e-c618-411b-acf0-34ab60162c57	Barbara	Delgadoius	female	19.0	basel	switzerland
MMMMMDCXXVI	a00c2c6c-28b3-4908-b6c2-053374bb16cc	Bobbi	Lantieriius	other	28.0	PARIS	fRANCE
MMMMMMMMMDXIII	d617c60b-e157-4423-ac23-e745a9985b32	Sherry	Harrisonius	other	20.0	naples	italy
MMMMMMCDL	64fd612b-9c93-47a3-8c05-22483d9e74a8	Florence	Reedius	female	21.0	Geneva	switzerland
MMMCXVII	2dd52443-f8ad-48a9-b3a9-05e1ac037754	Derrickus	Reganius	male	25.0	Paris	fRANCE
MMMMMMMMMCMXI	21ce2ec3-48c4-462c-b3a4-1f0d25ffdc4a	Jennifer	Woodius	female	28.0	Innsbruck	AUSTRIA
